validator,trade_count,bot_count,back_running,fat_sandwich,front_running,sandwich,bot_ratio_%
HEL1USMZKAL2odpNBj2oCjffnFGaYwmbGmyewGv1e2TU,28859,152.0,0.0,1234.0,0.0,27.0,0.53
DRpbCBMxVnDK7maPM5tGv6MvB3v1sRMC86PZ8okm21hy,24370,130.0,0.0,948.0,0.0,18.0,0.53
Fd7btgySsrjuo25CJCj7oE7VPMyezDhnx7pZkj2v69Nk,18847,110.0,0.0,613.0,0.0,15.0,0.58
5pPRHniefFjkiaArbGX3Y8NUysJmQ9tMZg3FrFGwHzSm,15719,107.0,0.0,598.0,0.0,11.0,0.68
9jxgosAfHgHzwnxsHw4RAZYaLVokMbnYtmiZBreynGFP,10616,105.0,0.0,505.0,0.0,11.0,0.99
q9XWcZ7T1wP4bW9SB4XgNNwjnFEJ982nE8aVbbNuwot,14358,103.0,0.0,519.0,0.0,10.0,0.72
DtdSSG8ZJRZVv5Jx7K1MeWp7Zxcu19GD5wQRGRpQ9uMF,14189,99.0,2.0,561.0,2.0,9.0,0.7
JD549HsbJHeEKKUrKgg4Fj2iyv2RGjsV7NTZjZUrHybB,13022,96.0,2.0,472.0,2.0,10.0,0.74
CAo1dCGYrB6NhHh5xb1cGjUiu86iyCfMTENxgHumSve4,9620,89.0,0.0,441.0,0.0,10.0,0.93
Hz5aLvpKScNWoe9YZWxBLrQA3qzHJivBGtfciMekk8m5,6335,86.0,0.0,255.0,0.0,5.0,1.36
E1r4Psq84tHfQ6aPTvvDka4U3u8zPVD7gEUrH25RdxHL,8879,86.0,0.0,379.0,0.0,11.0,0.97
shftkxnsXmqAkmLgz9Mn7bNB5Fr6mKgFc58kFHfVikj,6579,86.0,0.0,303.0,0.0,3.0,1.31
9rkJMARqK6VBkcxGfKBAwnA44gPAfGxPbPsfsggFNDSQ,8468,86.0,0.0,339.0,0.0,10.0,1.02
DNVZMSqeRH18Xa4MCTrb1MndNf3Npg4MEwqswo23eWkf,6507,82.0,0.0,254.0,0.0,5.0,1.26
EvnRmnMrd69kFdbLMxWkTn1icZ7DCceRhvmb2SJXqDo4,9818,82.0,0.0,329.0,0.0,9.0,0.84
JupmVLmA8RoyTUbTMMuTtoPWHEiNQobxgTeGTrPNkzT,13085,81.0,0.0,376.0,0.0,24.0,0.62
EkvdKhULbMFqjKBKotAzGi3kwMvMpYNDKJXXQQmi6C1f,6746,81.0,0.0,275.0,0.0,6.0,1.2
ChorusmmK7i1AxXeiTtQgQZhQNiXYU84ULeaYF1EH15n,8961,81.0,0.0,341.0,0.0,4.0,0.9
BtsmiEEvnSuUnKxqXj2PZRYpPJAc7C34mGz8gtJ1DAaH,6908,79.0,0.0,309.0,0.0,5.0,1.14
9UM8wQ8F5oMiRcP5YdqD6Lr4krpBWCD8LtgQYoisJd9i,8279,78.0,0.0,304.0,0.0,4.0,0.94
22rU5yUmdVThrkoPieVNphqEyAtMQKmZxjwcD8v4bJDU,3978,78.0,0.0,172.0,0.0,1.0,1.96
BkoS26vBuaXnSowACdChi4WKid8UwmuPNhEJWa8KsLHd,7316,77.0,0.0,277.0,0.0,7.0,1.05
Awes4Tr6TX8JDzEhCZY2QVNimT6iD1zWHzf1vNyGvpLM,10272,75.0,0.0,280.0,0.0,11.0,0.73
DWvDTSh3qfn88UoQTEKRV2JnLt5jtJAVoiCo3ivtMwXP,6312,74.0,2.0,236.0,2.0,5.0,1.17
5ZqveVffQPiUbkjBg4KD9kib1MKHLqiFno4ke9jSq9qk,6863,73.0,0.0,237.0,0.0,7.0,1.06
CG4tRANBKrzUmpv93V5sgftjQznBdiJsc2yPCzZWWuS9,4047,71.0,0.0,180.0,0.0,4.0,1.75
J6etcxDdYjPHrtyvDXrbCkx3q9W1UjMj1vy1jBFPJEbK,6871,71.0,0.0,223.0,0.0,2.0,1.03
GoeW4aFK4dGoekJySgUynWDxBZiQJqm8GDAF4H53tDK9,6191,70.0,0.0,195.0,0.0,9.0,1.13
Aw5wEMXhbygFLR7jHtHpih8QvxVBGAMTqsQ2SjWPk1ex,4822,70.0,0.0,185.0,0.0,2.0,1.45
krakeNd6ednDPEXxHAmoBs1qKVM8kLg79PvWF2mhXV1,4826,70.0,2.0,205.0,2.0,4.0,1.45
A1vqhA2fS6K7CvHsJKX1ACcHJFEmyRg4KuR5pctHANy4,6051,68.0,0.0,254.0,0.0,8.0,1.12
DrifTrN923QaouP89UxkQzFGbumKPCnfkNYQRwmZxatz,3813,66.0,0.0,189.0,0.0,3.0,1.73
9n1eEtJJfj1535NYfx524QcCG5aHbf5DH7ejqBrFLBwG,3381,65.0,0.0,145.0,0.0,2.0,1.92
8uJiHDJ1b7UDQ4KFsQGJXK9nUCkokdKRJymg1Wy9nxvM,2134,63.0,0.0,103.0,0.0,3.0,2.95
76rcGHdPvgs8G1XrzCXUTWtwgT59AFDvpB4VbTS2TBBJ,3720,63.0,0.0,138.0,0.0,3.0,1.69
BSVckjdW2f8kcXPGcrPPtV9kUDBZ8w8PjrrGVnxgEdwq,4471,62.0,0.0,156.0,0.0,6.0,1.39
GSTampk6BJRKSDkzhaMM49R7qRx98MTPYYWvKbp83XKc,4212,61.0,0.0,139.0,0.0,10.0,1.45
FBKFWadXZJahGtFitAsBvbqh5968gLY7dMBBJUoUjeNi,5348,60.0,0.0,154.0,0.0,3.0,1.12
BUv44cVtsdvU9z2BfFGk6s5JZZWrmVnq5qCaii5ARyyB,3315,60.0,0.0,147.0,0.0,4.0,1.81
9W3QTgBhkU4Bwg6cwnDJo6eGZ9BtZafSdu1Lo9JmWws7,5669,60.0,0.0,202.0,0.0,7.0,1.06
6y7V8dL673XFzm9QyC5vvh3itWkp7wztahBd2yDqsyrK,5006,60.0,0.0,189.0,0.0,4.0,1.2
HpcB5Qg8Y9E73dUkot5e8HkgAJbExsYeUzniY4bCuKac,4304,59.0,0.0,162.0,0.0,5.0,1.37
5ejbTALcBsKQ7Cj1iSuu2mY5jqbYHqh9gF5ERXLiYj1z,4704,58.0,0.0,175.0,0.0,8.0,1.23
7y5VhV4fkz6r4zUmH2UiwPjLwXzPL1PcV28or5NWkWRL,2756,58.0,0.0,111.0,0.0,2.0,2.1
HbidP4hpQdwhkzrxder3x3VNPt6DQnE25gFG46napD2p,3386,57.0,2.0,123.0,2.0,7.0,1.68
FNKgX9dYUhYQFRTM9bkeKoRpsyEtZGNMxbdQLDzfqB8a,3326,55.0,0.0,138.0,0.0,2.0,1.65
ana2y2YvQ3ZPMwm6qhnN3nJoUSiT3qx5Pvetkq9xcfY,2893,55.0,0.0,113.0,0.0,1.0,1.9
722RdWmHC5TGXBjTejzNjbc8xEiduVDLqZvoUGz6Xzbp,2726,55.0,0.0,109.0,0.0,5.0,2.02
DTSUkYHd2e9P2HLyZfbLarsbDdPhQUhZnWjRYuJZQRC8,2840,54.0,0.0,116.0,0.0,1.0,1.9
3JotfSFPaod4KVK7nj7ULvcq5PjUBdZNVGracNkJNhrt,3056,54.0,0.0,127.0,0.0,2.0,1.77
G3a3iYZKNLbivothF3twqcaTCEvoPb9uJ2bFc9DNKkBQ,2945,53.0,2.0,123.0,2.0,1.0,1.8
CW9C7HBwAMgqNdXkNgFg9Ujr3edR2Ab9ymEuQnVacd1A,3213,52.0,0.0,146.0,0.0,0.0,1.62
FbYX2uN573G5WsgiPdHU6fS5PNUyjdXfGfpZNkYUuT4k,3575,50.0,0.0,125.0,0.0,1.0,1.4
5TGfVQV1S3wHE9hkgGaQkRoPC7xZxiqwMcjQZxVYsf1j,1870,50.0,0.0,88.0,0.0,1.0,2.67
FZ4MT1HYJHd9GK8D5mJ9f3r7irLaDL5NxBNLjGqrLqs9,2834,49.0,0.0,93.0,0.0,1.0,1.73
AWcCdYG7Dy6GX45c6QMPbgGwgRZPKcBDT4bXGb3QrVRV,3798,49.0,0.0,131.0,0.0,1.0,1.29
GQzMeEMwAR44ugoNCifTb5NdRKos1GduDUPeNh6AgV46,3421,48.0,0.0,95.0,0.0,6.0,1.4
5EhGYUyQNrxgUbuYF4vbL2SZDT6RMfhq3yjeyevvULeC,3922,48.0,0.0,92.0,0.0,8.0,1.22
3SkE34PVeGck2ArEffFKjihrQgURsvnoTAhitsNXNzXd,4019,47.0,0.0,151.0,0.0,2.0,1.17
privaEdSEmnMPGPoQACUkcDGkFBbTArVvsEGd7C5wUM,2403,47.0,0.0,94.0,0.0,1.0,1.96
DZVqmD4QqSWM2gUyEXdQhvt4u3NZtCRxdsn2n2nNiBRL,2532,46.0,0.0,109.0,0.0,1.0,1.82
2m1A2WM1vte7RWz5xTTw4i1SiXmngVtXhqFERaUjoAAb,2378,46.0,0.0,78.0,0.0,0.0,1.93
CMPSSdrTnRQBiBGTyFpdCc3VMNuLWYWaSkE8Zh5z6gbd,2216,46.0,0.0,91.0,0.0,2.0,2.08
6WgdYhhGE53WrZ7ywJA15hBVkw7CRbQ8yDBBTwmBtAHN,2377,46.0,0.0,92.0,0.0,1.0,1.94
HnfPZDrbJFooiP9vvgWrjx3baXVNAZCgisT58gyMCgML,2342,45.0,0.0,90.0,0.0,2.0,1.92
AMukCLCr52XxsEjXoDxKKxjNg4FpnsReXNaQx8aR6DJF,2330,45.0,0.0,91.0,0.0,1.0,1.93
DB7DNWMVQASMFxcjkwdr4w4eg3NmfjWTk2rqFMMbrPLA,1354,44.0,0.0,86.0,0.0,1.0,3.25
8tjFeSApQ85ThoQXT28acfF2KUfQr3TvTdirSkzNnYC7,1871,44.0,0.0,72.0,0.0,2.0,2.35
7cVfgArCheMR6Cs4t6vz5rfnqd56vZq4ndaBrY5xkxXy,3015,44.0,0.0,104.0,0.0,2.0,1.46
AEHqTB2RtJjegsR2ePjvoJSm6AA5pnYKWVbcsn6kqTBD,3731,44.0,0.0,131.0,0.0,3.0,1.18
2GUnfxZavKoPfS9s3VSEjaWDzB3vNf5RojUhprCS1rSx,3547,43.0,2.0,116.0,2.0,5.0,1.21
CoG8d9Fp2TFJRkAmrPMiPsGhQWHzdTTVoegEp9svRgmJ,2710,42.0,0.0,80.0,0.0,3.0,1.55
CfgRXmp1LEYr97EaT2RyoL2cSvtWgJh52Bes89RxVSoW,2616,42.0,0.0,98.0,0.0,3.0,1.61
A9mvukTd77EbRoBX4ydSCFQHdu5bsRFkNXTTRstA8FAC,1902,41.0,0.0,69.0,0.0,1.0,2.16
G2TBEh2ahNGS9tGnuBNyDduNjyfUtGhMcssgRb8b6KfH,2260,40.0,0.0,80.0,0.0,1.0,1.77
EXckihF3qmguH5znjhfzLvHsbk2E3nEW2DqNh4MMnDMm,1889,40.0,0.0,86.0,0.0,0.0,2.12
C1ocKDYMCm2ooWptMMnpd5VEB2Nx4UMJgRuYofysyzcA,2256,39.0,0.0,97.0,0.0,3.0,1.73
Fc6NNdS2j3EmrWbU6Uqt6wsKB5ef72NjaWfNxKYbULGD,3416,38.0,0.0,112.0,0.0,5.0,1.11
BXAxLMMMUNYfC1z166VjWHR3WjTmqzLxB837o5ghmRtH,1696,38.0,0.0,86.0,0.0,0.0,2.24
GmCxjmjKZoaKN1DKunbYq8RCYib94Nm3sHyncFfofaF5,2213,38.0,0.0,82.0,0.0,4.0,1.72
BeaCHioStqCEFDFxKwAEzyrUPYxqnBPhJ98gDKeEiTPb,1131,37.0,0.0,61.0,0.0,0.0,3.27
vu1sGn2f1Xim6voHNLt4nLn38zNkYdLasU7hEr1TC2D,1259,37.0,0.0,50.0,0.0,1.0,2.94
6aDs9tUm2gErcPn2c1TZnp5cu2bQV9BzyuwW4baWQYd4,1832,36.0,0.0,64.0,0.0,1.0,1.97
58KprHKFNHgH1Cvo4QwxWkDeJNaSQVteCoAAFUWjtESn,1561,36.0,0.0,53.0,0.0,1.0,2.31
HaLanfo94ezLc3JZ55qqxr7W3qbe1PprJyv2uEtriEqN,1304,35.0,0.0,49.0,0.0,1.0,2.68
CwyVpfmfSiMeCexi3JgUNvaiDfYN14cLDjzT99zcBuD2,2111,34.0,0.0,56.0,0.0,2.0,1.61
HLnodbYkL5PFA8hjAZDkm5pGzV7eLTvcs671AW2L6St9,1934,34.0,0.0,64.0,0.0,1.0,1.76
RBFiUqjYuy4mupzZaU96ctXJBy23sRBRsL3KivDAsFM,1094,34.0,0.0,57.0,0.0,0.0,3.11
DUND26mEDfFeaPsVof3YvbXDRvpuQX7HMUJrLgEWzYw4,3399,34.0,0.0,72.0,0.0,3.0,1.0
5Cchr1XGEg7dbBXByV5NY2ad8jfxAM7HA3x8D56rq9Ux,3977,33.0,0.0,163.0,0.0,8.0,0.83
FWwwP9tNttSy9dJFxwf6ebXWfc6VJXqFNMTccrMiLFTH,1616,32.0,0.0,69.0,0.0,2.0,1.98
CXPeim1wQMkcTvEHx9QdhgKREYYJD8bnaCCqPRwJ1to1,1753,32.0,0.0,52.0,0.0,1.0,1.83
VQwCCSfW3o5NDx7n5FBr9SoYiLXVgetstHvaWBvv2YH,1539,32.0,0.0,59.0,0.0,1.0,2.08
G1bLKfyNm7zsmmYEL9dyxBvMtxpFcwy2s84bHDj2ZFUY,1187,31.0,0.0,55.0,0.0,1.0,2.61
4SsMncJdtKiUcDtukkX15mqei7WiuQ9yvRtQrQW4reWC,1435,31.0,0.0,53.0,0.0,1.0,2.16
HM1KjNaXa4w8K4gCXbieoMh5gUTNeUhg9fvdXMKeBW3L,1103,31.0,0.0,48.0,0.0,1.0,2.81
Ninja1spj6n9t5hVYgF3PdnYz2PLnkt7rvaw3firmjs,2092,30.0,0.0,38.0,0.0,0.0,1.43
CaveyttUBTKttncu1e4RF814XjuoGfYv8cEsiKGDNCPX,1417,30.0,0.0,36.0,0.0,2.0,2.12
SSmBEooM7RkmyuXxuKgAhTvhQZ36Z3G2WsmLGJKoQLY,1110,30.0,0.0,53.0,0.0,1.0,2.7
G9vCpJUUSpEm4zPwzSNpDmZ8MGwLEbiSLV59EBzCGvzM,1369,30.0,0.0,53.0,0.0,1.0,2.19
FzQqaDStQQHs52YKeCnDovwSqvyZBCgs2kJcmvoFZwaS,1890,29.0,0.0,49.0,0.0,2.0,1.53
7GkMBmtrTZz8QbjSe1sXvAUtz7Pp42SQxfT5ymmJD4We,629,29.0,0.0,50.0,0.0,0.0,4.61
Va1idLRtYEtVFJFsvz8vtt1uCJgea4Q1zi2Rh3eraJh,1034,29.0,0.0,61.0,0.0,0.0,2.8
XkCriyrNwS3G4rzAXtG5B1nnvb5Ka1JtCku93VqeKAr,1285,29.0,0.0,59.0,0.0,0.0,2.26
Cogent51kHgGLHr7zpkpRjGYFXM57LgjHjDdqXd4ypdA,763,29.0,0.0,50.0,0.0,1.0,3.8
DZv25oNCWFvGXu9tH63BiAXvG94syweGZhbvdN3HxDxT,1555,29.0,0.0,56.0,0.0,1.0,1.86
bxrAptB5ZpZBhoLedJpoGWY5hBjjt3zvVBr2323Rrq6,790,28.0,0.0,37.0,0.0,0.0,3.54
Ste1115xFGdAYK5jaWA3dEFcUc1S5jEbVvD8e327zty,896,28.0,0.0,40.0,0.0,0.0,3.12
FBbqKvwLfKGZrKrfSbPJz4ymQ7zMarhRyZtu1RBkSe89,928,28.0,0.0,37.0,0.0,1.0,3.02
ANC1u9sY36q3mi2MyVhtz71un8yLgTsFBUuyLcSPzKsk,998,28.0,0.0,37.0,0.0,2.0,2.81
6M53yM6dsE6hiaHgxWvYa4fsfzQTGyAZn7rM6JrzbqJV,841,27.0,0.0,47.0,0.0,0.0,3.21
pSoLoZx55zZz61gjxSTwHtwTg4yTwdm7ruBmyjbYgT2,1833,27.0,0.0,45.0,0.0,0.0,1.47
5RvfTSowms7BTYaBj8SxVjj7ELAAKdQadKsuNpmBAwCs,1020,27.0,0.0,41.0,0.0,1.0,2.65
grptonHnt7YSmJokGK9TJJTBXDT8ca4LSWMHCCfzzPa,1167,27.0,0.0,48.0,0.0,1.0,2.31
LA1NEzryoih6CQW3gwQqJQffK2mKgnXcjSQZSRpM3wc,935,27.0,0.0,42.0,0.0,0.0,2.89
bkpk9KVsDRfrArzzmkJ9mPEvbXfQxczzQYR3QMGiR8Z,1241,27.0,0.0,40.0,0.0,0.0,2.18
6yFGGAgYpBxgYPuHW4rv7hJmhKrUiXKyHkpVGaYtKrwE,1322,26.0,0.0,56.0,0.0,0.0,1.97
PUmpKiNnSVAZ3w4KaFX6jKSjXUNHFShGkXbERo54xjb,1752,26.0,0.0,39.0,0.0,1.0,1.48
6TkKqq15wXjqEjNg9zqTKADwuVATR9dW3rkNnsYme1ea,1789,26.0,0.0,51.0,0.0,0.0,1.45
aXiomFkk6VzXaBhPuhMqTLZZguCFzzbyP9LTtZ7ZHLQ,784,26.0,4.0,42.0,4.0,1.0,3.32
Mwz8VgAEnPtfqS62r3ixrFiMJwnNfEwR141CGnsTo5k,613,26.0,0.0,41.0,0.0,1.0,4.24
AiDoLWFKzNxSXKeZ4zym2TEPkg6F4kQ3YBA8WhANVPEq,1319,25.0,0.0,46.0,0.0,1.0,1.9
8n4pc4sCJtBeLfJdGyJn6EcZuhtfTiepRa9ExdJFdmEN,698,25.0,0.0,37.0,0.0,0.0,3.58
7Zm1pE4FubFYZDyAQ5Labh3A4cxDcvve1s3WCRgEAZ84,1123,25.0,0.0,48.0,0.0,3.0,2.23
6XKqyUVUcpe3CNucjF6gk5zonJDqNGvob6kaTy4Ps1U,994,25.0,0.0,37.0,0.0,1.0,2.52
ABC1U4cf9DZMwqy8ktEr4WJj8VHmVBQibbC57gEJthwY,558,25.0,0.0,30.0,0.0,1.0,4.48
GREEDkgav1ox1jYyd9Anv6exLqKV2vYnxMw5prGwmNKc,1004,24.0,0.0,40.0,0.0,0.0,2.39
EfPYQ4BUMiKa6736qqrtnCBGkUSRDGSr1WvtyUgWHuyp,779,24.0,0.0,31.0,0.0,2.0,3.08
EUcJwf7jXskRE6NZBtFPVH2EedNvNYko8LL2WT62XctB,1260,24.0,0.0,45.0,0.0,2.0,1.9
7QQGNm3ptwinipDCyaCF7jY5katgmFUu1ieP2f7nwLpE,1747,24.0,0.0,86.0,0.0,9.0,1.37
7CR3Jq4ny2tsr3DX3DvyjoU8TYs776MGkU6nLMWjAqCT,980,24.0,0.0,36.0,0.0,3.0,2.45
ACvL73V4GNnxPVfZ7K89jCrYurLyzpEuE9qirjvh2Xmi,868,24.0,0.0,37.0,0.0,0.0,2.76
5HYjArGt81naevDdwMaEx8yeGNw9jYBSDJa8YavT9Mp4,604,24.0,0.0,34.0,0.0,0.0,3.97
6xWLi1TDSh65fWsSqE1zdvANTSuVDRMx4ghsGJwgunS8,1121,23.0,0.0,31.0,0.0,3.0,2.05
4vdWYn2KbmQ3Dns5wVBfz4CFQDds4b7CpsC8MHBhHAib,367,23.0,0.0,26.0,0.0,0.0,6.27
Ex1AxFCipXGfSxgvXPPT3nPQUARddCduHwKR6jHiXAaT,1069,23.0,0.0,33.0,0.0,1.0,2.15
sTepQGoReJq2tBKStL19DT6nnGHcGiAvFjyYaokLyuM,752,23.0,0.0,35.0,0.0,2.0,3.06
GYx8kpp7SsRwtQEEsGQjAxb4hFMMmT91kFJuDeky3YGQ,1224,23.0,0.0,34.0,0.0,1.0,1.88
9iFPQbP1jGkj67sXg6YLLGRUBVEDMcapdS6jmCZSnz8R,870,23.0,0.0,37.0,0.0,1.0,2.64
anza1rXDVhy1NfVNtsbT3kSBh2jgB1BGZUKuUibSAJd,755,23.0,0.0,36.0,0.0,1.0,3.05
WUNoB9YQXmXXRcJsjY1G8PfVag5aAfnyGmFd6YwJVwp,344,23.0,0.0,28.0,0.0,0.0,6.69
AicQr2zCWBLiBwt2r6o7iTemmtyE7q5pTKyuuupbXEQA,1120,22.0,0.0,33.0,0.0,0.0,1.96
84gC25fbFKYueR9WEfreUysk1n3ZFxLFDDjbyqeqGpoW,1336,22.0,0.0,30.0,0.0,2.0,1.65
fishfishrD9BwrQQiAcG6YeYZVUYVJf3tb9QGQPMJqF,1026,22.0,0.0,37.0,0.0,2.0,2.14
2zykwzzo1pd3H2oSj5j5SRLTvmpa9Nr2S2Bh8tTVd5Tq,300,22.0,0.0,24.0,0.0,0.0,7.33
SWiz7QwnYPm61pWWUUkMhj4r5pZLP1SvYibdHcB2cov,340,22.0,0.0,27.0,0.0,0.0,6.47
Ha1iade1AH3B12K9SccfWoPdFtQKKQsj2ZyWwxcjqJJU,1357,22.0,0.0,43.0,0.0,0.0,1.62
7EzbSahSfSjeRexHcNDLDpzHBAGBLjLKtjbmuoQnEtjE,902,21.0,0.0,43.0,0.0,0.0,2.33
7qGNnXKW1e3DsqEaSxwxMdBTFsrK73XtWTmkGitRyMQc,1027,21.0,0.0,34.0,0.0,1.0,2.04
spcti6GQVvinbtHU9UAkbXhjTcBJaba1NVx4tmK4M5F,678,21.0,0.0,23.0,0.0,0.0,3.1
CkCMabrc3HgBgDkeKPXkbWuQpUuSqW7zs1Mg3HFArx61,493,21.0,0.0,30.0,0.0,0.0,4.26
TxtxXzLTDQ9W4ya3xgwyaqVa6Tky6Yqhi5BLpPCc9tZ,720,21.0,0.0,26.0,0.0,1.0,2.92
2gDeeRa3mwPPtw1CMWPkEhRWo9v5izNBBfEXanr8uibX,351,21.0,0.0,30.0,0.0,0.0,5.98
BfgMdL4FaNHp5zZpD7WMYG5sZUrCWQPEjXDwWS7M5q3F,749,20.0,0.0,38.0,0.0,1.0,2.67
8pyp3vfVPRziYdAYEyqkwytdBbdVbQmHqfQAVDcRV3w,457,20.0,0.0,20.0,0.0,0.0,4.38
CPcDFHCAKkr5Kp9T5aQWJhXV5J6iFj141NMQ87L6poPL,563,20.0,0.0,29.0,0.0,0.0,3.55
mXv18ov8qCiQGs3ieoen981LdgZzYJjJak6reK6fpNC,544,20.0,0.0,24.0,0.0,1.0,3.68
3psxMyr7rQzywVp1MXKd1XFmFz33NjydzCoJx9t2sMQW,812,20.0,0.0,27.0,0.0,0.0,2.46
3s97yjq2MhoPVPC3U9VeE3Z5S643Pweovg88ysvrQPw5,514,20.0,0.0,25.0,0.0,0.0,3.89
puffinQSvKFriPbyE5atyx1ptfnyytovbzxybr1jsyy,614,20.0,0.0,31.0,0.0,0.0,3.26
43Am3PKFeo9cACpqYL5Sk95rpVdxLw3Mc22PqRqZXEW2,546,20.0,0.0,25.0,0.0,3.0,3.66
HzrEstnLfzsijhaD6z5frkSE2vWZEH5EUfn3bU9swo1f,1234,20.0,0.0,27.0,0.0,2.0,1.62
3YVoK8UN62dyiPZnGBzBTkGdwsVmmK1MpRoLcxNRs9BE,618,19.0,0.0,28.0,0.0,0.0,3.07
3CKKAoVi94EnfX8QcVxEmk8CAvZTc6nAYzXp1WkSUofX,225,19.0,0.0,21.0,0.0,0.0,8.44
rubyWZkfnjG716rx69n2oCAhevVZaMRQunir9VQcY2E,1172,19.0,0.0,40.0,0.0,2.0,1.62
5Us18hLZPXJTS4QVuGSsUw137Dyd2tgBaem24Xsf5nBS,1216,19.0,0.0,57.0,0.0,3.0,1.56
BCS95L5JHBWHvWkcEJBEF3BH5QHxKcPeaTgoYmHLvfFh,255,19.0,0.0,22.0,0.0,1.0,7.45
7PdKhpKz7T39vZHFL1UfcYNDsLvay6hp4KPQq1aUckFf,779,19.0,0.0,23.0,0.0,1.0,2.44
EBoKqyT2kCabcHXgpF7ScwrHgGUsR821xkTJsHtP2JJi,356,19.0,0.0,26.0,0.0,0.0,5.34
23SUe5fzmLws1M58AnGnvnUBRUKJmzCpnFQwv4M4b9Er,525,19.0,0.0,32.0,0.0,1.0,3.62
2Mob8FJkb8chZY5pTBMpKfLwgZAQHE5i9jAC5zbASitD,523,19.0,0.0,22.0,0.0,0.0,3.63
oPaLtitM6cwpFVzP2rDhLsJLdY2vcbuZiJJyD1TFUKs,765,19.0,0.0,30.0,0.0,0.0,2.48
Crg1X8FftV44NmwfFvgREjanBQmyyS7NEu6duLU7Cyy6,450,19.0,0.0,26.0,0.0,0.0,4.22
2AKKnirWVZMhnzuwqpizw9SwfZjGpRFLx2zCCNtPWpbc,299,18.0,0.0,25.0,0.0,1.0,6.02
57i31UEyDg4koaZMZ1wAHbYuezXv3AVaHtvJgJarxt3f,418,18.0,0.0,23.0,0.0,0.0,4.31
9AW87WqARQonyJYhx1G25fKfvjURFYVmHs79z1NUXDPD,575,18.0,0.0,25.0,0.0,0.0,3.13
FGiEdzde7Fco2WLpNQMat299hUVoykJdaA5hxdmCzHiS,502,18.0,0.0,24.0,0.0,0.0,3.59
vALigXFg9wnnhVHN16vNxHxXtAXiBv5QjAE6udoniBY,726,18.0,0.0,19.0,0.0,1.0,2.48
FUNDTXgtnkfuhK6G6JUi5CzxPWeZNF9n96vFuBNGFy1v,598,18.0,0.0,29.0,0.0,0.0,3.01
MutT1jxCXbRWJXpXoJK259gLrNfzDezdxS3BSkQAmv1,1007,18.0,0.0,23.0,0.0,2.0,1.79
KoLibrJsbABbtmtFPc7nPvDxT81rc4UPM7mY9xSLjpo,411,17.0,0.0,17.0,0.0,1.0,4.14
RNXnAJV1DeBt6Lytjz4wYzvS3d6bhsfidS5Np4ovwZz,815,17.0,0.0,21.0,0.0,3.0,2.09
8hAYbagNt7CMBooFfqVJhBgLqLffpjXTWJMk8yybjJsN,421,17.0,0.0,22.0,0.0,0.0,4.04
THE1CosYJD9F1eBq53Fg4MZYZa5WrPUf2RQU5ZHnfEj,240,17.0,0.0,19.0,0.0,0.0,7.08
91oPXTs2oq8VvJpQ5TnvXakFGnnJSpEB6HFWDtSctwMt,579,17.0,0.0,24.0,0.0,0.0,2.94
HLXxkmjb47spcmbbKi3UCfZ2qmFY29t8MN562AEmh2Qh,460,17.0,0.0,19.0,0.0,0.0,3.7
5MAGJ3zShtXMMVXjZRoFqtFF7XhP8iLSyZrxdL7KpjcB,578,17.0,0.0,24.0,0.0,0.0,2.94
2Wf9V9rPeVRUTfmWdPedCJuWVr6MFfyLuigEq42DuMDc,359,17.0,0.0,20.0,0.0,2.0,4.74
9gFxqsXbFyrKXUkqpAatonn47uYZ7sEZSnMxhzQoXrUJ,712,17.0,0.0,22.0,0.0,0.0,2.39
BxkAkLR2W3agWtjMXBNvhxmB8vsn7zhjNQcyfost99KY,335,17.0,0.0,22.0,0.0,0.0,5.07
7MTjmteQHhthwwTZhUzsc2dP4NBvGNRqj8jzdqNxHFGE,447,17.0,0.0,23.0,0.0,0.0,3.8
GwHH8ciFhR8vejWCqmg8FWZUCNtubPY2esALvy5tBvji,324,16.0,0.0,18.0,0.0,1.0,4.94
GiYSnFRrXrmkJMC54A1j3K4xT6ZMfx1NSThEe5X2WpDe,413,16.0,0.0,18.0,0.0,0.0,3.87
SFundNVpuWk89g211WKUZGkuu4BsKSp7PbnmRsPZLos,571,16.0,0.0,20.0,0.0,0.0,2.8
Stakex4B2tpDHPWGvV1dninfiaYCGdakgTknpzPitLh,383,16.0,0.0,19.0,0.0,0.0,4.18
ciTyjzN9iyobidMycjyqRRM7vXAHXkFzH3m8vEr6cQj,411,16.0,0.0,20.0,0.0,0.0,3.89
CZanBzZHFzrGY5qKzaX3CNhJ5smHEMTWFFnoeUi4J6dr,196,16.0,0.0,21.0,0.0,0.0,8.16
HT41udB8mLZZf7tev9tUoHYJ41TP8GWZ6zFMbjiviXk5,521,16.0,0.0,22.0,0.0,4.0,3.07
6MiEjXqYksCtKnJpvAp3CAoEZnnWZyoSxu41HCzAYNdc,831,16.0,0.0,21.0,0.0,2.0,1.93
5AsoSeQtLoN8eLsf3wKrR3LwxHME4sTBGR6dpTCP1k3H,374,16.0,0.0,20.0,0.0,1.0,4.28
7G4RfctwLLgqG4ZWfCirU8dfJd87mKQWgB4EHQRv8i7v,294,16.0,0.0,20.0,0.0,0.0,5.44
Frog1Fks1AVN8ywFH3HTFeYojq6LQqoEPzgQFx2Kz5Ch,859,16.0,0.0,25.0,0.0,0.0,1.86
soLStaCk5TiGCpeLKa9Fvv6f5JQGMa6S3uhLh826e9N,387,15.0,0.0,16.0,0.0,1.0,3.88
8T8AJfUCXwPFwEMmjca8gCRSktPrqbUBVa6ggNyhLhFJ,620,15.0,0.0,19.0,0.0,0.0,2.42
A4hyMd3FyvUJSRafDUSwtLLaQcxRP4r1BRC9w2AJ1to2,560,15.0,0.0,20.0,0.0,1.0,2.68
FACb6bbTDRBHCK999V8ox8jga5JBnt1r3vvzmAYAMv2o,324,15.0,0.0,17.0,0.0,0.0,4.63
5VrW7YNBccVnhnZVmooCePdLFcs2UjfxRT3hoY9mN8Ec,496,15.0,0.0,19.0,0.0,1.0,3.02
5ikB9XZNVsjwKb6hHT3FS3So1Z1SrDvU5yaniWEQyDEG,683,15.0,0.0,20.0,0.0,0.0,2.2
7mF8NZJdREuM1uwYcvKffuY9QJBEoHhNp4hZ4NS2fuXW,459,14.0,0.0,18.0,0.0,0.0,3.05
AqyRvpjjSN6jWYPxijoJwhmKwJFk6fRYDh9fQZHcJ2o7,504,14.0,0.0,15.0,0.0,1.0,2.78
ETuPS3kRfLufz5VSYN2ZrePoEVSZSpgVPKz3MUZpYe3x,421,14.0,0.0,21.0,0.0,1.0,3.33
nymsHergYedT9CJMgtGMvqXUTGcbs5o3MiWTJUbqTGY,481,14.0,0.0,18.0,0.0,0.0,2.91
Hj2jzpAp57KyM3SmnYwJbDVrQ8tTWizMon2hhzYzwxet,384,14.0,0.0,19.0,0.0,0.0,3.65
GFXVa19rX6iwfs3sLS5UvX9Exu2usRsG4V5MRMDRo23V,291,14.0,0.0,15.0,0.0,0.0,4.81
mrgn4sJJu5GBa5wbKyjuASzhyCifvcedGoLtpKjB3Wf,677,14.0,0.0,23.0,0.0,0.0,2.07
mineL1YNwcRnxN93B2sX6q22R11WfRqxnY4NBV8KfFY,659,14.0,0.0,18.0,0.0,1.0,2.12
NATsUSZGohWw8xtLdxG4yus21UCkaes4FLfM2eqKbRk,313,14.0,0.0,18.0,0.0,0.0,4.47
CTDGxTK789ZvhgyHZHtSnxTtysbyY1mrywXEJiYYqXxC,261,14.0,0.0,18.0,0.0,0.0,5.36
GkFT5nmcFVmJiLwuE98PjdF3LReMeq4WbejFHfwrnsgw,483,14.0,0.0,17.0,0.0,0.0,2.9
6JKwz43wDTgk5n8eNCJrtsnNtkDdKd1XUZAvB9WkiEQ4,337,14.0,0.0,24.0,0.0,0.0,4.15
D3htsc6iRQJLqCNWcC2xcZgUuvcd1JT8zoYNqraNcTQz,448,14.0,0.0,16.0,0.0,0.0,3.12
Cu9Ls6dsTL6cxFHZdStHwVSh1uy2ynXz8qPJMS5FRq86,562,14.0,0.0,16.0,0.0,2.0,2.49
8ZQg3K1V1Z2BVJkjmnxpi43WKhjPGXphzu5QmBkJibSP,513,14.0,0.0,18.0,0.0,0.0,2.73
1Link6hB1NpkCwJt3ZtpQKZszKauhEcKgiWjaU8PRDG,163,14.0,0.0,22.0,0.0,0.0,8.59
8ebFZA8NPLBZD91CwsG1HWQsa2B5Ludgdyf5Hi3sYhhs,320,14.0,0.0,17.0,0.0,0.0,4.38
PAWsME7oYbjt5TRNc11mBa33JhKnQr9AYherdr9YAZ6,280,14.0,0.0,14.0,0.0,0.0,5.0
wifwUaAXgGXixi757cinR8RhAzNuuyKg8hh7mkCDPEc,259,14.0,0.0,16.0,0.0,0.0,5.41
DZVySotZvrvJyVAcgjFtUDm93zoCaq9wBruMAUz83CWW,780,13.0,0.0,15.0,0.0,2.0,1.67
3C2cXXVHCm2w2EWnHUNxhtZCB2EMv2AeJ4TpW5ws18fi,560,13.0,0.0,18.0,0.0,0.0,2.32
nebu15XQKGpxzhhckADBX9PgvGN5qk9RRJCFLKc118w,286,13.0,0.0,21.0,0.0,1.0,4.55
HnwMGBAw5PxaX56eSYc969MorEy2NzEMPLkmBkdnJmeq,272,13.0,0.0,14.0,0.0,0.0,4.78
As9NxA9bCfhrVLAFyGeWG5X5iLYPGhU3R7nLfX3tN6am,141,13.0,0.0,13.0,0.0,0.0,9.22
7Nu9ckgtjobZ3MkbadGFKEvRymYuah9HmcxiUJKMM9NB,378,13.0,0.0,18.0,0.0,0.0,3.44
4vcmYPfLztUckU3c3FvXDwSq8aDNDqwEpvEiqAv97LGJ,285,13.0,0.0,18.0,0.0,0.0,4.56
popscoyTKVksa4TyTXw488b3vvFxM7qQEyTBeMQopKu,236,13.0,0.0,15.0,0.0,1.0,5.51
CwhdMezLucz7bcuWzStpLXgrzKGC2tBBiaVmJZjfprRN,227,13.0,0.0,13.0,0.0,0.0,5.73
SscQkTYV2BFQYGGffAmTzvefrFrw6z9GNYiWHstVZ77,444,13.0,0.0,17.0,0.0,0.0,2.93
farbZXR7aBQSMCYiUXzoS4pRUsvuCZ38f6AXMXiKACf,154,13.0,0.0,13.0,0.0,0.0,8.44
2XmhZKHmfjku3T3nC9xKhgr5bm1CAmWXqNsNt49mo82C,505,13.0,0.0,16.0,0.0,1.0,2.57
mint13XHZSSxtgHuTSM9qPDEJSbWktpmpM4CZxeLB8f,760,12.0,0.0,23.0,0.0,0.0,1.58
7VZM7YHcX73TpGoXDeBu61g4QKC86GwAEnew8dA7Y2xn,383,12.0,0.0,15.0,0.0,0.0,3.13
mds4GEuiSgQRqveGyktWpETBFCb4AS2wDnhqwLHcT6Z,397,12.0,0.0,15.0,0.0,0.0,3.02
32ke3uf1qL3xLqbwzU76T2sbG2XaJrGuSCNdUnien3zm,431,12.0,0.0,12.0,0.0,0.0,2.78
H8fHToVcZPi5bupGZohGPX2SWs8NHzgFKQ31wi5n6oux,645,12.0,0.0,12.0,0.0,1.0,1.86
uEhHSnCXvWgtgvVaYscPHjG13G3peMmngQQ2ghC54i3,201,12.0,0.0,14.0,0.0,1.0,5.97
yJeahQNRHNWtL9Z1SqPX3SBwTYXr5ECMYYVK4uYVwxt,300,12.0,0.0,15.0,0.0,0.0,4.0
DZKTNGR3r4Akj3G42ReZatKhkmgEXoZjk5Ed2tFwRyqm,313,12.0,0.0,16.0,0.0,0.0,3.83
AsMpvJ3DZ2Ydu1WTRMAyMH4QjSLiUG39rKzfzvtE1bWr,449,12.0,0.0,14.0,0.0,0.0,2.67
2mMGsb5uy1Q4Dvezr8HK2E8SJoChcb2X7b61tJPaVHHd,572,12.0,0.0,18.0,0.0,1.0,2.1
Lake8NXDThihebhxS3Js7mFnj9fthmus93zEdsFNrsL,387,12.0,0.0,13.0,0.0,4.0,3.1
t23p8aBQN6P6tziMuN5XPmzqVRrip9oes7KuQwSmate,792,12.0,0.0,17.0,0.0,1.0,1.52
PRGNnb8DxVcP2WjSHfVRGgc8SkA5u6dbMwoTVV1BGKN,294,12.0,0.0,15.0,0.0,0.0,4.08
RoYFUUD7QD9aQ34UCMcwfye8dC5YvJeXz2J3mmoy5S4,204,12.0,0.0,14.0,0.0,1.0,5.88
73hojLdq1vZDSxeVQEqVFJ4iwLngdvEJPEpEHkSdv6BZ,442,12.0,0.0,17.0,0.0,0.0,2.71
juigBT2qetpYpf1iwgjaiWTjryKkY3uUTVAnRFKkqY6,752,12.0,0.0,17.0,0.0,3.0,1.6
SLAY6uN1zZpXBTfbuDDCesNmM5D288xrz8uYvfS3n41,640,12.0,0.0,17.0,0.0,0.0,1.88
bay3wXfJsu9ds1zQBoQQ4DUwFGs3NP6q4gca9WM5G1z,247,12.0,0.0,18.0,0.0,0.0,4.86
sbidYi7fbif6qNsMpwBKvyF5DKcLCbjaegpADsKqNux,368,12.0,0.0,14.0,0.0,0.0,3.26
8vk6QpG93JSaQCSgnycBsv5qmfQBk4qC9FjNA35E5JhU,401,12.0,0.0,14.0,0.0,0.0,2.99
4QNekaDqrLmUENqkVhGCJrgHziPxkX9kridbKwunx9su,393,12.0,0.0,14.0,0.0,0.0,3.05
9ppJrpsbbuGNjiMhhD52Ueco4KXUzVfrtNQ6tAcDab4f,278,12.0,0.0,13.0,0.0,1.0,4.32
AEAJtnjjB19XFreJH21UP8rfd12f9kxMmngwZG3tGXbP,244,12.0,0.0,17.0,0.0,1.0,4.92
8GLRbAstsabZuZUx73AoyfGi1FRCWSUhRgMugFyofEz7,293,12.0,0.0,15.0,0.0,0.0,4.1
FjYEr2UCeFzNfAKiFrbhG34Zv8LxbmfHYAFhAfc7SLQL,546,12.0,0.0,15.0,0.0,1.0,2.2
NordEHiwa6wT5TCjdeWJzpsA7DSmWQPqfSS7m2b6cv3,238,11.0,0.0,12.0,0.0,0.0,4.62
EWARp8Syq8cTWGWHtP5LT9fKAn5GvXfSCH8LfAwpgQ6m,275,11.0,0.0,12.0,0.0,0.0,4.0
H9METtoxNp2PhcDNxXwqpzBarJw9zJezhzdDEFgBqv8w,195,11.0,0.0,11.0,0.0,0.0,5.64
9q16BB7WGmBxf1nJTdxH5zPnBUhtHqdqXqRFjSjuM4k7,160,11.0,0.0,12.0,0.0,1.0,6.88
SyndicAgdEphcy5xhAKZAomTYhcF8xhC7za2UD9xeug,412,11.0,0.0,13.0,0.0,0.0,2.67
5zuNci3TV79w6zLoJZzbZujMvkVZb2FcSPhgv9aT24AK,331,11.0,0.0,17.0,0.0,0.0,3.32
vaoJKVZYPAsqc52T2nNQhABR1gU6Cy2koDKfCQaEiva,227,11.0,0.0,12.0,0.0,0.0,4.85
FCWkGAHDWK41ANjiaoPudkCZRkvTecaEkoZQugezUnpr,214,11.0,0.0,17.0,0.0,0.0,5.14
CpgSfd6QUoBw1267rTtJoZhELqC5q7isKLojBifSbNEE,277,11.0,0.0,13.0,0.0,0.0,3.97
vahMVcSS3v6uwyFormV7FDAUbQSHwmy6vUedp1P7L42,179,11.0,0.0,11.0,0.0,0.0,6.15
HH5dA42XF1HxNk1TRpG6LuKfLViMYNdAz5iWrFM4hWFi,773,11.0,0.0,14.0,0.0,0.0,1.42
Tri1F8B6YtjkBztGCwBNSLEZib1EAqMUEUM7dTT7ZG3,390,11.0,0.0,13.0,0.0,1.0,2.82
FugJZepeGfh1Ruunhep19JC4F3Hr2FL3oKUMezoK8ajp,383,11.0,0.0,15.0,0.0,1.0,2.87
DP9iBgK9c7tJYb83KhxQMFNc1LXYu7nE7EhWpEzQnjmg,229,11.0,0.0,13.0,0.0,1.0,4.8
ChaossRPGKnsVhX1GfPC78yq5Sqju4cMThcAsKZNz5d6,149,11.0,0.0,16.0,0.0,0.0,7.38
forb5u56XgvzxiKfRt4FVNFQKJrd2LWAfNCsCqL6P7q,344,11.0,0.0,10.0,0.0,1.0,3.2
Certusm1sa411sMpV9FPqU5dXAYhmmhygvxJ23S6hJ24,483,11.0,0.0,11.0,0.0,0.0,2.28
LTP1bMnfq1Z6UctyDXYHo9qcUJ6ReXm9cG2VwQcsHBt,174,11.0,0.0,11.0,0.0,0.0,6.32
4mtXJ5pUcMMB4t8cLbi7zfDJCHfYLRrQb4qSLmh57sKL,459,11.0,0.0,18.0,0.0,2.0,2.4
HVXXmNKkmDZbZwj74iL2Y9Wu4SyrchBoxAfFYVAktLrG,399,11.0,0.0,12.0,0.0,0.0,2.76
bonkcbAQvHpYWxEG63E8ufTB1cxkkk9eAKaPdGePE88,412,11.0,0.0,14.0,0.0,1.0,2.67
AoUwfPuiEek2thVRDhMP7HbQb9rguyab4rDiz2NAfwwA,342,11.0,0.0,15.0,0.0,1.0,3.22
5pZvwjSpGYCxpJeySwSbSAji7kZe4YntL7rQvXM3YcNT,217,11.0,0.0,17.0,0.0,0.0,5.07
Diman2GphWLwECE3swjrAEAJniezpYLxK1edUydiDZau,460,11.0,0.0,17.0,0.0,2.0,2.39
8cqck84coxk8TGXYBD95QosKCEA6fKwXLevcEv3oGmu8,283,11.0,0.0,12.0,0.0,0.0,3.89
6PvHaibtZhuba14dzbhGFJRASYX3Ka2oviRzSbXV2wYC,335,11.0,0.0,18.0,0.0,1.0,3.28
simpRo1FrQYGa1moicfgnPDp6KyE38d4gYrZzhjXYJb,420,11.0,0.0,17.0,0.0,0.0,2.62
4XspXDcJy3DWZsVdaXrt8pE1xhcLpXDKkhj9XyjmWWNy,513,11.0,0.0,16.0,0.0,1.0,2.14
BoNKmNCGvoHS4CkKvYRnF21iEpUP827pZjhFGdA4t5as,425,10.0,0.0,17.0,0.0,1.0,2.35
9Wmaz9VPpEnH67ZqrvYd9bcH66DtsGaEKcSQE1ac5wkf,285,10.0,0.0,12.0,0.0,0.0,3.51
6k1YkmTKwPRUhChnxA9ryJmbtuQMbro4xFTL6mL9jycB,224,10.0,0.0,12.0,0.0,1.0,4.46
FyLVPAKkgdAy8Gn9jnFYN5yjC1ubQWRkw2EHt2UnC8uA,140,10.0,0.0,18.0,0.0,0.0,7.14
CjmXSapt1ouz3CZzgkRJckBEwMSo5fVdVrizLeRscwYD,312,10.0,0.0,17.0,0.0,0.0,3.21
Sh1ro1CaaVjNuihgNK6kay7jwcWzSqD2fdix6RNPaSh,505,10.0,0.0,11.0,0.0,0.0,1.98
CiR8HNCfkjtcongPmP2DRdZPnFgjSbN5gsXdjmsXXHcB,249,10.0,0.0,14.0,0.0,0.0,4.02
Bi9kKNxfW2XqgCmLcuhHt6A3x55GuAGmrVZxRHLyVoQ4,388,10.0,0.0,13.0,0.0,1.0,2.58
9GHvMeJ4ZWuAX6sDGscFL1TBMszx2EehnrcTVUy4MZJQ,379,10.0,0.0,12.0,0.0,1.0,2.64
radM7PKUpZwJ9bYPAJ7V8FXHeUmH1zim6iaXUKkftP9,340,10.0,0.0,12.0,0.0,1.0,2.94
7tqeaFKsg2K9xKnQWe61w71AtCZVMQvG4hbFAiFAngYw,520,10.0,0.0,17.0,0.0,0.0,1.92
FSVdqBzx5D4UsqBLnvmH5dFx2dCm1pTPAbQWJ1PYzTJ2,344,10.0,0.0,13.0,0.0,0.0,2.91
5zm9g3zgAPWzX3wmUB2JtTkcwCqe74NWsTmt5wLFwCKK,319,10.0,0.0,10.0,0.0,0.0,3.13
parafiUS6h6oLhCFwhjvEmQJKw8pF1iXsxMJdTq46dS,180,10.0,0.0,8.0,0.0,2.0,5.56
3RXKQBRv7xKTQeNdLSPhCiD4QcUfxEQ12rtgUkMf5LnS,583,10.0,0.0,11.0,0.0,0.0,1.72
5d9Mdc2Zk8as8GL1AxQeXxv5htBBvC5bjfmsXC7UUWwG,474,10.0,0.0,12.0,0.0,0.0,2.11
U82KEYMnuCiZSQbvuCJTZ652HX9NQ63uNSnxyucshrk,122,10.0,0.0,11.0,0.0,0.0,8.2
4VrjyXQT61WFSjuG3ehgqZUK1jqvYqB46veQbXLotq3n,254,10.0,0.0,11.0,0.0,0.0,3.94
BR1aTt4ZZUCwWJDkSYf1hqkYJjo7Mb7Ar8iVTkeSwUB8,524,10.0,0.0,13.0,0.0,0.0,1.91
vvvvbtDs9HsdsE6NskZMnb1RA6muoud1ChQuiF9QhSM,259,10.0,0.0,10.0,0.0,0.0,3.86
D8xKNftHzFcCekENuTEcFC1eoL9y8wNHEg4Q5z57KK4e,281,10.0,0.0,15.0,0.0,0.0,3.56
CVRr5oHCAAooVbYze7CvXtRp4FUtkMCSqBZU7MVu8v8e,278,10.0,0.0,14.0,0.0,0.0,3.6
jntr1vkzvSujfckGR6ANmFmirVoPBMNr5XJGKP5uDQA,204,10.0,0.0,12.0,0.0,0.0,4.9
FyrwfMaomErzqrFUXMjCJ7mA4u81DsiDdrzC3MJD6d4j,276,10.0,0.0,14.0,0.0,0.0,3.62
NdMV1C3XMCRqSBwBtNmoUNnKctYh95Ug4xb6FSTcAWr,280,9.0,0.0,9.0,0.0,0.0,3.21
3tm92VTxwyZ5MDhGoYR4tVTkwWYkzfam6hwBjauUACCk,156,9.0,0.0,11.0,0.0,0.0,5.77
8aySXUFrqJz5kath6aVijrkBH8ZtxMWJGhYXwYBpKmHK,153,9.0,0.0,9.0,0.0,0.0,5.88
8cnksBVjDPspn3AvmxJd8JKUdh4uWDDXzDemPmDctaHi,211,9.0,0.0,10.0,0.0,1.0,4.27
5tfcGyf3NQFcufDigvbRt9kWoVN2KPEkBRUY3UaC3Zwm,409,9.0,0.0,14.0,0.0,0.0,2.2
E99w1XfS4UNM1xUKXWEuDmj8Mduy7u65jm2NCULTspSV,222,9.0,0.0,9.0,0.0,1.0,4.05
DRFh448Zz6AaHLJPZTgSw4fwv3eu776Db5RYEY4BqT7X,202,9.0,0.0,14.0,0.0,0.0,4.46
q1yPXLsYcJhzxhUYLewFDjYmsBh2gDFnYqrZ9VPshrk,166,9.0,0.0,9.0,0.0,0.0,5.42
8uPW9msN75rfaKiwy8y8NxEX5zSk2WejtVv5YhZr3jCo,214,9.0,0.0,12.0,0.0,0.0,4.21
rsbp8zMHbGCpLoRktmsjspYv77VcjxAzH1KxPCD9BiU,483,9.0,0.0,13.0,0.0,0.0,1.86
9bkyxgYxRrysC1ijd6iByp9idn112CnYTw243fdH2Uvr,247,9.0,0.0,10.0,0.0,0.0,3.64
CVvaeDPR2o7P1eawG5c9TPFLzSXAewwPovPmREaEL4Cm,526,9.0,0.0,10.0,0.0,0.0,1.71
BSGMRbK97DcgLe4u4kfNQnmTVZGVnwdtKQBJqWRBTZxU,91,9.0,0.0,8.0,0.0,1.0,9.89
2oHUYyW2PU9VJh4XBs5TbGgzdernunvGqyKth3kxW4ns,510,9.0,0.0,10.0,0.0,1.0,1.76
By8MseMKtZQQaQjMHJiyetmc5AC8RZZv8C2ss33ktrHt,293,9.0,0.0,10.0,0.0,0.0,3.07
MBVyz9s72WSfUmbr1S8fgHjDJQkPs1Q4Wxi6A2Mees9,697,9.0,0.0,13.0,0.0,0.0,1.29
nateKhsYkrVc992UuTfAhEEFQqr2zQfpGg9RafNkxdC,164,9.0,0.0,10.0,0.0,1.0,5.49
icex1C6pnZxznQWiHZZANjGU8nZ8kNquFnjyY7XXrXE,267,9.0,0.0,12.0,0.0,0.0,3.37
BULKzVM41WAyQZfL34vxqdsYwEYH9mJAJyzRS4xraf8b,389,9.0,0.0,12.0,0.0,0.0,2.31
9hQqNe3DQTiwhspatewA8EXhz12e6sq5UJVJ2qNRwnTf,134,9.0,0.0,10.0,0.0,0.0,6.72
3WDh9HgusCujDmXCVhophLrHvoKHQd1Sd4uFHz1Awo35,297,9.0,0.0,10.0,0.0,0.0,3.03
5fSQdv4zsAJNx6RKpGho6sL6rY6a8nziaqcmwaRJB9NE,176,9.0,0.0,10.0,0.0,0.0,5.11
Bs19Z9SokV1s46jutN9tqqaCgYf1GsVyyytVfkzwn9qK,310,9.0,0.0,12.0,0.0,1.0,2.9
spur5CDwBvTZszvy1ozGjRc1x2TuDWo3VF4jrq7zgvD,203,9.0,0.0,11.0,0.0,1.0,4.43
BuoZ7q6faiJNTN24r7Kcj8dp96axs5XPEKXmWGsh2pDE,178,9.0,0.0,11.0,0.0,0.0,5.06
4SgoyAwN26iu9Gpf12Bk1rnzp4G4yDUM3XVv4w7VQcAf,372,9.0,0.0,15.0,0.0,0.0,2.42
parayLyZvwnGjDT2pGqrVn8UDxmNcdNQCE8uPRWMeRz,160,9.0,0.0,10.0,0.0,0.0,5.62
61QB1Evn9E3noQtpJm4auFYyHSXS5FPgqKtPgwJJfEQk,331,9.0,0.0,10.0,0.0,0.0,2.72
2dfgsiSaZ51QYPsECMYMG247PXxyKdwkV9wTHoQb8YEC,413,9.0,0.0,13.0,0.0,1.0,2.18
stacheBmGG5zMKuetUevAbc4m4dLbve1VPcpSur3voH,117,9.0,0.0,12.0,0.0,0.0,7.69
hy1oMaD3ViyJ8i6w1xjP79zAWBBaRd1zWdTW8zYXnwu,279,9.0,0.0,16.0,0.0,0.0,3.23
dst2u7mXMyDvb14cSErRNA1mxH1d5VXbSXgZ3DKE9xH,163,9.0,0.0,10.0,0.0,0.0,5.52
CEL22Qx7p85qY6gmhCZaYJrrnynJitkVRMQo6qZdT8Ns,208,9.0,0.0,7.0,0.0,2.0,4.33
N43JWBg42ZoUFMkHsRUVbP7wGVdxaHKanqaF9BBNiFC,291,8.0,0.0,11.0,0.0,0.0,2.75
DCdTPyDbXNHrmdv4ZyPPzEfY4mPAqH4hDPtowAteoNgv,222,8.0,0.0,8.0,0.0,0.0,3.6
DDnAqxJVFo2GVTujibHt5cjevHMSE9bo8HJaydHoshdp,328,8.0,0.0,8.0,0.0,1.0,2.44
3V2xaccDpFib4DbTksdiveNDmiwpXBqSWyjSof3w1Bg7,236,8.0,0.0,8.0,0.0,0.0,3.39
UPSCQNqdbiaqrQou9X9y8mr43ZHzvoNpKC26Mo7GubF,614,8.0,0.0,9.0,0.0,0.0,1.3
BJvrWSfonXnS2Km8iA9KLY6D6vS3GcsaUwUNPFBumTca,239,8.0,0.0,12.0,0.0,0.0,3.35
MagiCBYNPD9iTBXqiFybAFCREQzG6MSM4LmFLXQZxuV,282,8.0,0.0,11.0,0.0,1.0,2.84
CLsFr1KZVbAyz16iFpwg2e4hiekR1unpwyxfNdjBMaoE,543,8.0,0.0,9.0,0.0,0.0,1.47
3KiDz3wuZrJfsgKt5KEvRb1WPpbci1PWj78aPVF5ei3F,309,8.0,0.0,14.0,0.0,1.0,2.59
23U4mgK9DMCxsv2StC4y2qAptP25Xv5b2cybKCeJ1to3,192,8.0,0.0,10.0,0.0,0.0,4.17
8augxYLUge2iWmitQMwbcBL5VQEpsM6aJdRofhwpnzyw,281,8.0,0.0,8.0,0.0,0.0,2.85
D8kuk3qEiVBGwYkuMGKfBDwuRi6jjRkzjAZg45fdaRLx,171,8.0,0.0,8.0,0.0,0.0,4.68
THWsLPufeq9LWs2H9vYPbtFwdxAHbQHvSbT6pztG8x1,236,8.0,0.0,7.0,0.0,1.0,3.39
GvfaiJUhNCRZGVGumsEF1eHDb8JpAeFAyHSrTifyhrbt,231,8.0,0.0,9.0,0.0,0.0,3.46
Fb77sbwgXmtjmkjkaoSckGp5yg3nqdtD8zf1dyxxiCSf,120,8.0,0.0,8.0,0.0,0.0,6.67
idCE5k2BtTpwXdwAC7Var1enT9reut9fWECcxQP7LY7,317,8.0,0.0,8.0,0.0,0.0,2.52
9FXD1NXrK6xFU8i4gLAgjj2iMEWTqJhSuQN8tQuDfm2e,379,8.0,0.0,8.0,0.0,0.0,2.11
ArMBx6veRq33ffEP9sxHafiPRgrtzww4XvbwZbSMfXiM,421,8.0,0.0,12.0,0.0,0.0,1.9
b1ueZK9bWTywN2587zsScyLTaH18wfRfN5W15XnkiqF,192,8.0,0.0,8.0,0.0,1.0,4.17
2mDrrmhSzpSyaF12izGk8hnFjtKCGeCFPwQHpRiJDby2,351,8.0,0.0,16.0,0.0,0.0,2.28
3cZSHGfNdaULpFAvGbWbxpVwzXB4gHdk8NFucPNR5pgA,548,8.0,0.0,13.0,0.0,0.0,1.46
qZMH9GWnnBkx7aM1h98iKSv2Lz5N78nwNSocAxDQrbP,461,8.0,0.0,8.0,0.0,0.0,1.74
1unarWPGGseFag2WfnoFv8o9P7vTPU8eHex9GinP3eY,377,8.0,0.0,10.0,0.0,0.0,2.12
FSyAsxcE7g8pSSEu5nx7Hkz44rMZiYio5Wz8Lszh3Nbi,243,7.0,0.0,13.0,0.0,0.0,2.88
NWY18yrPHsTogTDq78HpB51D7gC5AGRsvJ5pPqSchkH,78,7.0,2.0,7.0,2.0,0.0,8.97
FdH9QEQBxPQfaF2JpcjgdfcMnDb7rjZkCDRCWLRjTQwj,66,7.0,0.0,7.0,0.0,0.0,10.61
HgozywotiKv4F5g3jCgideF3gh9sdD3vz4QtgXKjWCtB,81,7.0,0.0,8.0,0.0,0.0,8.64
MicoB9cA9R6jsicdhzWFjwd9HMkV8FA4o3WxYU6Z2yz,52,7.0,0.0,8.0,0.0,0.0,13.46
JC7bH7HSZoDhwggBXtRF31cVt71WiizY2J6YDDQfG5er,224,7.0,0.0,7.0,0.0,0.0,3.12
HcZvwZ83PfjrQDiq3GLHxisTs17aGURs6bJ2LwtmL4qv,250,7.0,0.0,7.0,0.0,0.0,2.8
H9ENbtmy2tWFtAJNmpC8xQtbcr1NTp4FXLdphRaG8L2T,378,7.0,0.0,10.0,0.0,0.0,1.85
HwN6eoEe9N3kwHi66hpQDBMFPk6ASQGthWKPX5MZmisp,264,7.0,0.0,8.0,0.0,0.0,2.65
zeroT6PTAEjipvZuACTh1mbGCqTHgA6i1ped9DcuidX,384,7.0,0.0,7.0,0.0,0.0,1.82
phz1CRbEsCtFCh2Ro5tjyu588VU1WPMwW9BJS9yFNn2,309,7.0,0.0,8.0,0.0,1.0,2.27
SaGAgdkowooXBrHihpmE8gsjf1dUG7n5SqnyJxYFnXJ,174,7.0,0.0,8.0,0.0,1.0,4.02
mD1afZhSisoXfJLT8nYwSFANqjr1KPoDUEpYTEfFX1e,196,7.0,0.0,9.0,0.0,0.0,3.57
AmjX7CerZbHrU814UeBp2gJC7gANNG3KrP4c3RyD7TSD,373,7.0,0.0,11.0,0.0,1.0,1.88
Av8EnYrPBnSJHK5e2wmTdnCpSy7nzmBgyFaUKSyLnBfe,244,7.0,0.0,9.0,0.0,0.0,2.87
3Rv6ZVGUuRczP76322LyhTTYw2iM4avV4B5xFJocQJer,252,7.0,0.0,10.0,0.0,1.0,2.78
eyeYaqg9e2L6xw7YwsSLm27eWJfhLNAm6ETQm8TXNoK,122,7.0,0.0,6.0,0.0,2.0,5.74
2pCxbAfUEwuL2k9Fiz3xnronPqRnXsuz9XV76ddq2GEt,191,7.0,0.0,11.0,0.0,0.0,3.66
4W3jdXyqhLCjzA3Liu8ZNjViwrc6N9YjSB7obbxfjcKE,163,7.0,0.0,7.0,0.0,0.0,4.29
4aRPyjsqqFsf5488a9QAaHJLQJMGwoL5P6wRtLmroe2d,253,7.0,0.0,9.0,0.0,0.0,2.77
8nbE53mcKhy74HLiGZ1q5HRocwiCvgh49csSaHSdtukr,679,7.0,0.0,10.0,0.0,1.0,1.03
3tzpLMWRkWucvTRWU5PjgKzN1iwJuV69yCCjmuuo4gTk,286,7.0,0.0,7.0,0.0,0.0,2.45
8Yq98CFAorqAc3CN7XtMVgKLrBc78wsBvjhAbFr4sNQ5,177,7.0,0.0,7.0,0.0,0.0,3.95
8Nvaxzif1NrdvxNkRetjT8xJvd33EHkKVrfL8EDkgaNy,429,7.0,0.0,7.0,0.0,0.0,1.63
3rqEEEGjHRyndHuduBcjkf17rX3hgmGACpYTQYeZ5Ltk,111,7.0,0.0,7.0,0.0,0.0,6.31
RFLCTDRBVZTEbXrCd92jnKghYeDJARb6ByK2JnPfQmH,208,7.0,0.0,7.0,0.0,0.0,3.37
PuRposE4utktenW49N8DCtVzdVEwYrmsrroboEUram4,217,7.0,0.0,7.0,0.0,1.0,3.23
1KXvrkPXwkGF6NK1zyzVuJqbXfpenPVPP6hoiK9bsK3,336,7.0,0.0,8.0,0.0,1.0,2.08
6xFDLX751L7H9d5fQT9sf2SM5RWWE9LDgqz25pPDbWoJ,318,7.0,0.0,9.0,0.0,0.0,2.2
7PpXQgDb9eCHN1Uudgi77Wm89cRz4T85YgDw83qvaJXd,116,7.0,0.0,7.0,0.0,0.0,6.03
D4r6Rcua2L7nHHhdaiZe2k2bTfPg2WQqcNYpG6bugvCG,280,7.0,0.0,8.0,0.0,1.0,2.5
RLMS1pv3YKi7CSUCKTNcFN5fFkXJc2SmCwPhbQpqZJo,174,7.0,0.0,7.0,0.0,0.0,4.02
6yVX5rkTR3NfgCuu37vkmLCeG2RLqKaJHLj4G6b4Dvzu,50,7.0,0.0,7.0,0.0,0.0,14.0
5essVpBYvocZkQnkrWsMDfRPwtp4BeihJRaweKLR4dRn,565,6.0,0.0,16.0,0.0,0.0,1.06
9r2CsyjRTmTRtu8GFk5oJRSQr5YfSENxDkf3eox8iPLa,348,6.0,0.0,9.0,0.0,0.0,1.72
rssaJ2iKcE9QWsFYRZr8Q66TQh5bRk9DxYrzxGMzWQr,143,6.0,0.0,8.0,0.0,0.0,4.2
dzBhD4wikyy7xqwiJvT49gdrKqWVjfs9M6cTssmRX8Y,169,6.0,0.0,6.0,0.0,0.0,3.55
9UbU7oaVXX6t7bMthxzzGPnWumFNxoWqUwX3qsrxb4pp,67,6.0,0.0,6.0,0.0,0.0,8.96
9T6SNsBimjCRJpkEjiVsc8AcxTBa1XVA7RjnBGGfWP23,377,6.0,0.0,7.0,0.0,0.0,1.59
9U4WqNGVywKt3gG9HSt9tGVXBDXJvgid6BVweRysaJmg,150,6.0,0.0,6.0,0.0,0.0,4.0
8AkVj5aAtJ27tYXeq89cnSf68V43NarFHMx2iSDjZv7c,267,6.0,0.0,6.0,0.0,0.0,2.25
9PRr9k87HjjdLMRkxtxygidjxVta9VQ1kAsqgLBWXKdQ,195,6.0,0.0,6.0,0.0,0.0,3.08
rapXHroUoGG3KvZ3qwjvGMdA7siWXwXpiNC1bYarvSC,112,6.0,0.0,7.0,0.0,0.0,5.36
FphFJA451qptiGyCeCN3xvrDi8cApGAnyR5vw2KxxQ1q,209,6.0,0.0,7.0,0.0,0.0,2.87
GGX3BEoZDqjxcw4AbCdu62ZTMrkpSgmPt81oP2mVuZNS,117,6.0,0.0,6.0,0.0,1.0,5.13
6c6RrC9TWNgiVXnbZ6hehNuhyh81pZK1yAj5w2nXZTwi,136,6.0,0.0,8.0,0.0,0.0,4.41
mrgn28BhocwdAUEenen3Sw2MR9cPKDpLkDvzDdR7DBD,163,6.0,0.0,6.0,0.0,0.0,3.68
G4GT8z4AKWNoy3x6nuzxW83UfFXLXzrwn7DZQt4GvWdU,179,6.0,0.0,10.0,0.0,0.0,3.35
gridqZmeBcsUKT2Mv4M9YFHFN3tVLFb2TCtTcLD1cAd,338,6.0,0.0,8.0,0.0,0.0,1.78
AaapDdocMdZQaMAF1gXqKX2ixd7YYSxTpKHMcsbcF318,424,6.0,0.0,7.0,0.0,1.0,1.42
6pEtDovpyd1zUMYPuNhMCPU37sUTEAtzzgoVVAh1G1JL,163,6.0,0.0,6.0,0.0,0.0,3.68
UZBmptMjMSQEPKm4WyUkJeAuvZSqTuNK3cQCKFqJcXT,86,6.0,0.0,6.0,0.0,0.0,6.98
SoLiDJGk4WkdinyLiRWjkFbgLUhjL3idGJK8H1rUWqH,176,6.0,0.0,6.0,0.0,0.0,3.41
ECeaWy82CxpeJQr3EG3XNmYXc9NrVeWDH5ag9Lt6TPVR,139,6.0,0.0,7.0,0.0,0.0,4.32
SP9K2c8Z1aaQaqdQgC6hZMJ5UCTTnE76XNYVse7H94b,169,6.0,0.0,10.0,0.0,0.0,3.55
BiGcsiuFCLuiTzXoQgfLdge9sfpwr55YzdT8Kp7bCXmS,531,6.0,0.0,7.0,0.0,0.0,1.13
SANDCxXBbQhvbUqNtiLqKdFEY1uQhVo1UgUACaS4mXU,117,6.0,0.0,6.0,0.0,0.0,5.13
MRGSoA53J7i4WidVHTxawPyKdr26LdVYCywnrUZ6auT,126,6.0,0.0,11.0,0.0,0.0,4.76
MCFmmmXdzTKjBEoMggi8JGFJmd856uYSowuH2sCU5kx,292,6.0,0.0,5.0,0.0,1.0,2.05
PAD9aPiKJGcbGxuVLbc8o4Vf65GPq3fJQ7PkHWuX6a8,353,6.0,0.0,8.0,0.0,0.0,1.7
3Pfubj3ytkRxFAGwFb5vtacuZJUxko5Du39xie9MBXuC,158,6.0,0.0,8.0,0.0,0.0,3.8
MARiKM3t7pDCyXtvLq24ErWDAvYu84yXqCthkR1GS33,392,6.0,0.0,4.0,0.0,2.0,1.53
R2D2imoV8nXk1ngT9v4dEK65We4uLNyUarTBdWbFruq,162,6.0,0.0,8.0,0.0,0.0,3.7
EtoMApqP2h1vVm9XLTTp5HERNezm5btkqrdAGQ9fZRnp,172,6.0,0.0,9.0,0.0,0.0,3.49
ADjyeNzWd8yhEjCVyAqT87eqoyGRbimERQsNhFQcXjop,233,6.0,0.0,8.0,0.0,0.0,2.58
ByszyWdqC3rVMWy8f6jwK5cmwkpwYdwsr7UL58xS5vnm,262,6.0,0.0,5.0,0.0,1.0,2.29
1i1yPyh843bTfi5qPgqozTbDcEX65rUNEFcUT2KAs2i,257,5.0,0.0,6.0,0.0,0.0,1.95
2N7v8pDKDYhtBUJBQUgxvysUjgM9s4ULPCmeEiPWTf6Z,248,5.0,0.0,5.0,0.0,0.0,2.02
wetkjRRRDrSPAzHqfVHtFDbhNnejKm5UPfkHeccFCpo,172,5.0,0.0,7.0,0.0,1.0,2.91
6Rk694kh1QTyQkirdb1uDZmS5xqG9bNaYtxx8d311Mr7,322,5.0,0.0,7.0,0.0,0.0,1.55
novaeuhY2JH2WHhc9KVTHDx2cyJZdXJC6faf4CtARZn,140,5.0,0.0,5.0,0.0,0.0,3.57
49j9bnkdgVNxLwsZ9h88sPR5MYEmsUyKrrJ6ZW8ijBrb,115,5.0,0.0,5.0,0.0,0.0,4.35
HFTcVVrX93SJwYHAiiHAssb3c4zXqSsF4mNjg5arGPEj,215,5.0,0.0,7.0,0.0,0.0,2.33
2Rv9npqdWE1mLPsT1r2obn3xtKmA5afkxt8GsWeLnKoc,119,5.0,0.0,6.0,0.0,1.0,4.2
4DraK9wUrMSpzbGjUbSWTHAhJimMyB49HyKhvfwe6e51,189,5.0,0.0,7.0,0.0,0.0,2.65
2abwQG3v2xRemFxRszVHSfnjJNe9zu5X8duKgxjyLeaK,47,5.0,0.0,5.0,0.0,0.0,10.64
2icWF7TvxyycF7d1NHpMZYuJJqiRy2h7wmjFSbqUij1B,148,5.0,0.0,5.0,0.0,0.0,3.38
2uxEHizFmmnLekKG2LZJwxNabhpymEYfdVCpgDxjt87m,95,5.0,0.0,4.0,0.0,1.0,5.26
3B2mGaZoFwzAnWCoZ4EAKdps4FbYbDKQ48jo8u1XWynU,239,5.0,0.0,4.0,0.0,2.0,2.09
sTEAKPk59EtPPbixCweyv6oRLNCDEE8pnnef6gUfbiW,453,5.0,0.0,7.0,0.0,0.0,1.1
4k6wgP5WPBKQpsFGtzuXNrjcTE2fKWLj17nDvFeG5zSF,369,5.0,0.0,9.0,0.0,0.0,1.36
DViARWAWKkxAzp4UCgbw5B9pLSrBY3PaztFErcwgVUKX,199,5.0,0.0,3.0,0.0,2.0,2.51
HMWXfjaeSHhww1wvdBhqhHVP9v96mFB4LJ9xP2MXbDGH,168,5.0,0.0,5.0,0.0,0.0,2.98
8yjHdsCgx3bp2zEwGiWSMgwpFaCSzfYAHT1vk7KJBqhN,266,5.0,0.0,6.0,0.0,0.0,1.88
VALiDcyCpujxjJAZDK2av2TpMAigpSodzj2ApqgR4e6,189,5.0,0.0,5.0,0.0,0.0,2.65
AwcMVMvmT1aCETVYV42WE1cSMCyNp4vZqVjLsvs6dM4o,403,5.0,0.0,6.0,0.0,2.0,1.24
AvNsK6uxBBwejyPe7tZqgX4onaCnXTqKQvKRaTe9Ekya,96,5.0,0.0,4.0,0.0,1.0,5.21
EN5F2BU5juUEWr9zRNNqKuQMi9zBUY1YLPHV5EyMrvnW,281,5.0,0.0,5.0,0.0,0.0,1.78
LeDbQ99QT342j9S5YdyXLrsq2Gu3T3dMGajExdAuE3V,229,5.0,0.0,7.0,0.0,0.0,2.18
HyperSPG8w4jgdHgmA8ExrhRL1L1BriRTHD9UFdXJUud,388,5.0,0.0,6.0,0.0,0.0,1.29
A23LfQn6khffj2hGhGfXr6P52W2pxrVcCaHVQLYQgiX2,202,5.0,0.0,4.0,0.0,1.0,2.48
ELE1xBTfmHB7vuhSH94q23r6j3tuvTXYTqgm1u4uzMLk,122,5.0,0.0,5.0,0.0,0.0,4.1
dmMwc4RazLHkvDZYrWAfbHQ6cViAvNa5szCJKaiun8S,121,5.0,0.0,5.0,0.0,0.0,4.13
fhsM2sxME8cHrrk3qvtMsRRDv5AoLFja7NjNnHeYZxe,70,5.0,0.0,5.0,0.0,0.0,7.14
SPHERExTW7GaMgS4RN6MbghYvXU2REfFWHgpxMH1P69,141,5.0,0.0,6.0,0.0,0.0,3.55
gangtCrQg5RmKf5yxvhvZThPugPX58pDSdQ5UuS26vN,251,5.0,0.0,5.0,0.0,0.0,1.99
PoN1E3VyqwqoGQEhC8ExpkRKTuyhxtGLnHHH3DwbgTU,320,5.0,0.0,9.0,0.0,1.0,1.56
8aPHvzVV91jZF948tykkoF6WfgLHppNfG8Z3V4gCrDix,166,5.0,0.0,5.0,0.0,0.0,3.01
hnhCMmnrmod4rcyc3QRKkLEC9XnPTvYJ2gBvjgFiV4o,161,5.0,0.0,6.0,0.0,1.0,3.11
7nzTzRZzezmugqE5ZjHRMxarhXunpwZ2PUdjV7uYzt7A,183,5.0,0.0,5.0,0.0,0.0,2.73
huinBRP3muBuqZLMW8ARjdn4mBnEmFFcxiBzrkQz553,167,5.0,0.0,5.0,0.0,0.0,2.99
SLNDCSGTEsA6KHpgR32MBt9UAurZnVSJGUtW2tRpdU2,330,5.0,0.0,6.0,0.0,0.0,1.52
7ZjHeeYEesmBs4N6aDvCQimKdtJX2bs5boXpJmpG2bZJ,324,5.0,0.0,8.0,0.0,0.0,1.54
D2RV1q6FgePVVjrMa7AMzVbvvAeg5oS7TAV7qdNKSDsX,363,5.0,0.0,6.0,0.0,0.0,1.38
DiveRaPKviyDnQyiiMFdV4rujsCBJzMNvPjKfvGNLGvL,189,5.0,0.0,5.0,0.0,0.0,2.65
BM2vE2QqkB9fGtC34WPtM8drbgta13SBkhRq6dRG9J4J,67,5.0,0.0,5.0,0.0,0.0,7.46
TopjgY7N1fJdnW89S9fX6t7LF61nspgXGL1NpgAKhDG,46,4.0,0.0,4.0,0.0,0.0,8.7
vnd1Ps8w3fsi54qUMJxBhUWARES34Qw7JQXDZxvbysd,111,4.0,0.0,4.0,0.0,0.0,3.6
uxqVAFQfox97HazsPtkKiwhypQH6jEGXkQBHDtXshrk,105,4.0,0.0,5.0,0.0,0.0,3.81
Spiky3mMSLHGhffuEhYR7ptMNZ8NddddwrTjki4VhWk,103,4.0,0.0,4.0,0.0,0.0,3.88
Hu7pi2Xg5Kav8vSAUUr5CCZaEmMCzT6FgCTpueu3oBtW,148,4.0,0.0,5.0,0.0,0.0,2.7
sce1oTWYVXv7a7Hy2skxREozs5nwkQ4wDT8XJSi5tgE,63,4.0,0.0,4.0,0.0,0.0,6.35
scb2TYPmwHgKxXJaJNq6gHKwYkVyLKx58hz9RbCKZZR,87,4.0,0.0,4.0,0.0,0.0,4.6
LodeuWMHPiPj2PUHUyca2bkpFv9HyzR3gaDBmGJ9TSS,98,4.0,0.0,5.0,0.0,0.0,4.08
chdvWr6T14nqGRFD37KY36dsvhkCtDaufW5rpu3AfHe,78,4.0,0.0,5.0,0.0,0.0,5.13
custm2hZdfZKpL5xGCUpShF23h7uXFVtL6fK7r5Ca7g,69,4.0,0.0,5.0,0.0,0.0,5.8
fdzip81euDS8jEZHx5H1mn27zGVMLzkgpQuzYRBfBYG,144,4.0,0.0,4.0,0.0,0.0,2.78
nSGZ3tv2UhskkPqiB666yDVj7PTi9qKgDqvjHyw5JgM,164,4.0,0.0,4.0,0.0,1.0,2.44
hyp3Eo67t6FgeuWg5Qxbeme8NPXJPXXdKT4iJ4DsLf2,170,4.0,0.0,4.0,0.0,0.0,2.35
meshRrDTME9cL2FSQ9E56EncfkZ7vL8apwcCFsw3o6Y,195,4.0,0.0,5.0,0.0,0.0,2.05
c3rtoMCHSbFrLRTAdw4iRowKSn4BrDtvSPbuyJwkHwx,164,4.0,0.0,4.0,0.0,0.0,2.44
11AMA4mnNbsrPQeuoNN7uiZVJZtqEzQHrTfa5vnbcjk,116,4.0,0.0,5.0,0.0,0.0,3.45
65pHd5P2VrehonT1cdJ2JUnq5wi3WUgfL3A8RhYH7Kg7,58,4.0,0.0,4.0,0.0,0.0,6.9
Ed9WjPnZfAXsPttcqxMwj94qsuXVRyBsyXnDkxFva2Zv,256,4.0,0.0,6.0,0.0,0.0,1.56
99rG5AhkVagxJ7y8NpMAmy1h1u9GhT3h1Cimu2X3cwaJ,113,4.0,0.0,5.0,0.0,0.0,3.54
ExCHWgfeJyKRzpfryiQn4W6aYaWhbSAEnsoUnBGNqjWD,92,4.0,0.0,4.0,0.0,0.0,4.35
3x9nibnhgBHWKMRiGnsXJELRBjviQpKyigfrXtKW27KJ,224,4.0,0.0,4.0,0.0,0.0,1.79
CtvdyHYt8cMuGVHFarV2RADfoCdnrbd8e9jAsB225uMW,218,4.0,0.0,5.0,0.0,0.0,1.83
574rvsKGZg8rBuSNX7k8gG2mHFvUMwt22sSgJJBMCQVy,154,4.0,0.0,4.0,0.0,0.0,2.6
5FbKKGdEaFcxGxxaLKVvBes2JxiKbreh8w2ZpMcSQ2a5,142,4.0,0.0,4.0,0.0,0.0,2.82
DCKyEmMENQMtLXgbmUoHRmgP9XdJ9HsR5WxrKnSDCzKA,150,4.0,0.0,4.0,0.0,0.0,2.67
9pBHfuE19q7PRbupJf8CZAMwv6RHjasdyMN9U9du7Nx2,210,4.0,0.0,4.0,0.0,0.0,1.9
ETcW7iuVraMKLMJayNCCsr9bLvKrJPDczy1CMVMPmXTc,135,4.0,0.0,5.0,0.0,0.0,2.96
5aD6KB8g4MPt3xJafmMmun86hHMDnoFiGbd5gYiMFZw7,165,4.0,0.0,2.0,0.0,2.0,2.42
6gnbmed7kzwQVQ7ghsjgEuCoYmGeWciV2qCwni6WS6HU,307,4.0,0.0,4.0,0.0,0.0,1.3
DeXsDvvZzKhVux4YfDFE6p4acJLGzr8yKt5pSTjzZB8t,290,4.0,0.0,3.0,0.0,1.0,1.38
DiFeTctQSaNczJNmZ5121kYqLaBe9wDpM9sjCzTELJLE,84,4.0,0.0,4.0,0.0,0.0,4.76
DtY5Bzxd75iWQRvKwM2xLUxqwLT1RRoeNwmVvgS2JANA,52,4.0,0.0,4.0,0.0,0.0,7.69
3fpcsJ2WPdrmpjVVA5Lmv4m9Qx5xqND1xJhFprDSjWJ4,380,4.0,0.0,7.0,0.0,0.0,1.05
5marvipGzf98hxnoJFXsZbGHSXcEQ3yRGJ4ps7D3V4ou,222,4.0,0.0,5.0,0.0,0.0,1.8
BeRtYZnaaZLFwYQRPaZcxuuHBmyFBSGP32C8Ls5xnrZP,136,4.0,0.0,6.0,0.0,0.0,2.94
AdSHK6vpQnwHRSw7jXUwjMEytmhFwnynZSENhvpAxL1y,71,4.0,0.0,4.0,0.0,0.0,5.63
BPKAfGkkzF5u1QRjjB1nWYYbPMUCMPJe1xZPmwEMNMCT,195,4.0,0.0,4.0,0.0,0.0,2.05
3BeharBd3j4sKQp7Qze27JLQLd9AEEwGTX9TC7dXYSNw,195,4.0,0.0,4.0,0.0,0.0,2.05
BNtHBLo1L2vAG7PBQ6mJvWz7GqVPxBnioXsY2Gjtubrg,471,4.0,0.0,4.0,0.0,0.0,0.85
GQiWnDYrzHMALWG9avt5FCu1wisAQHjGY5ve7GMBiPEe,235,4.0,0.0,4.0,0.0,1.0,1.7
ALPHA6rdHZkx1om79xp47vX1iZXcbM3qfEwLyttZ1T7R,322,4.0,0.0,6.0,0.0,0.0,1.24
GWJyUxzcVwRRtpLuLiu1mpiUQsZ4onYFAYfCjQnuLmz5,484,4.0,0.0,4.0,0.0,1.0,0.83
BCeczqpTRPigndHVJu1KEzno1Uhb4hjrE7ttmAndrV1p,308,4.0,0.0,4.0,0.0,0.0,1.3
FoigPJ6kL6Gth5Er6t9d1Nkh96Skadqw63Ciyjxc1f8H,163,4.0,0.0,4.0,0.0,0.0,2.45
7TYbdqaFpHbLUWBe6fTc19XPweUMN6fB3GBW3TzZWu1i,61,3.0,0.0,3.0,0.0,0.0,4.92
BLUEHGDihXD9CqqC5XFSQzDC3aS5jASohb2BAsXaJokR,214,3.0,0.0,3.0,0.0,0.0,1.4
6xUK9Nbonr4eoJNtHGoUEMmYKoPz5mipKzyDBv6deX4d,213,3.0,0.0,3.0,0.0,0.0,1.41
jagBNeXYncnn1hzwSq1JJ16XhWTgQ7DCFVqndSJZ6vT,208,3.0,0.0,3.0,0.0,0.0,1.44
DEU4agzdUCA5oZ1QSLxCyZb1smvdu5j1NXXsK2r823Uu,49,3.0,0.0,3.0,0.0,0.0,6.12
6NDen7aDi65apHo8m1Vea4nuS6LyjQeM6pDNqcW4Q5Pg,76,3.0,0.0,3.0,0.0,0.0,3.95
AYY1TCe347UZ7zueBmF4MyoFkeEZquRUNVBNoUZiRoew,98,3.0,0.0,4.0,0.0,0.0,3.06
SaV6UWBaE8M3kwMBfAhQ6Tmvd2qdJRm94NTwLqtoyGd,139,3.0,0.0,3.0,0.0,0.0,2.16
D1A4F2yh38JLQExKjDiCi4G2tCMwj93c3sikseSSePKe,151,3.0,0.0,3.0,0.0,0.0,1.99
9USijQaAfSzw6gWbHNq68VVigmj3HvffDJYhbK4tfquB,50,3.0,0.0,3.0,0.0,0.0,6.0
hykfH9jUQqe2yqv3VqVAK5AmMYqrmMWmdwDcbfsm6My,137,3.0,0.0,3.0,0.0,0.0,2.19
ALp2GdA1eJV8vZHMHazCtTxNXe3BLUSco9LDASgjDs8R,183,3.0,0.0,2.0,0.0,1.0,1.64
CpuDNi3iVoHXbaT8gHpzKe6rqeBasoYjEKi21q7NRVJS,184,3.0,0.0,3.0,0.0,0.0,1.63
7pR7t5axFfkg2VZB1uAuFNUvpAeowq2v15J4gw5MmHTB,82,3.0,0.0,3.0,0.0,0.0,3.66
7zAHbRxEQaNjKnQMjFm7j8LebHSGfzsQDdm2ZpUNPa7G,46,3.0,0.0,4.0,0.0,0.0,6.52
cybi55ebub37HZW9YmRaLh59Lh3kqaLTsEBQwW6vFkC,59,3.0,0.0,3.0,0.0,0.0,5.08
5ysfTZ42VT1TjnjzQShZSrix7wdVtjXwssocSeYKDs5d,80,3.0,0.0,3.0,0.0,0.0,3.75
CRNyGD7xNPThLjNviGdxoAiHpQXZKx3UeyCfrxnmTi8r,102,3.0,0.0,3.0,0.0,0.0,2.94
97jbhVBYcSmwGXjrx5PPWXucDsVBqwyoQ6rzP3B6eeMt,136,3.0,0.0,2.0,0.0,1.0,2.21
C4bgengueVA9cRcprjutgu9XgvgoaaFnCqvpZaPy27xx,74,3.0,0.0,3.0,0.0,0.0,4.05
CTwsruptUccEtZGNxBDbuusHYxkBX3P6ndrxVjSG213y,99,3.0,0.0,3.0,0.0,0.0,3.03
DSRVdh9PQaqAcFtMCbJhyD4yMD5H2EeHNzdbqWctRY4E,62,3.0,0.0,3.0,0.0,0.0,4.84
pitch9cMruwjDtAnisNS4mwZUPhMsBztNEGu2weMg55,59,3.0,0.0,3.0,0.0,0.0,5.08
pitMDEaMmWmr7qP8HsNqarPQkd3jhZbLJibhhQnL5RG,174,3.0,0.0,5.0,0.0,0.0,1.72
FGj2F187dqKfCQLfa4NvRPhiTeXwm8LZDCq4q4z5g6ai,293,3.0,0.0,7.0,0.0,0.0,1.02
sTEVErNNwF2qPnV6DuNPkWpEyCt4UU6k2Y3Hyn7WUFu,85,3.0,0.0,4.0,0.0,0.0,3.53
EydLxzdWfD434DDxZYXkTcajvK5VKH7p6CofEDCRUkJ4,106,3.0,0.0,3.0,0.0,0.0,2.83
KAoSp3EudGqUBXv46tQoDwbZxSm3iXa9wM2aF4ySbJJ,49,3.0,0.0,3.0,0.0,0.0,6.12
KTMkUG8WCw9FdH44jLMBpc1teGafnYL6SgP4fHHbsNM,233,3.0,0.0,3.0,0.0,0.0,1.29
Ey3DkEVbfBxfWmkTsG7Hqj7jshYf5Zx9H8462Zjjkykf,327,3.0,0.0,3.0,0.0,0.0,0.92
Fudp7uPDYNYQRxoq1Q4JiwJnzyxhVz37bGqRki3PBzS,124,3.0,0.0,3.0,0.0,0.0,2.42
Ee8dX3qtwrDRnxYK6NGQfmMeKT3Qpp2QZHpxiAiw23W9,398,3.0,0.0,5.0,0.0,0.0,0.75
4YGgmwyqztpJeAi3pzHQ4Gf9cWrMHCjZaWeWoCK6zz6X,103,3.0,0.0,3.0,0.0,0.0,2.91
3DaPk6TdeGnEBwTR8fEyZSLkdayk6vZXrqGZhAgYK8BV,162,3.0,0.0,3.0,0.0,0.0,1.85
LitxAVo3RnYXD2sX1TyRJxfnKy48amXgyGiysPZjZwE,49,3.0,0.0,4.0,0.0,0.0,6.12
ppppoqHcHVzigV6SK4856BAsNxhTAi32hqQQWrziyHE,104,3.0,0.0,3.0,0.0,0.0,2.88
2jS8AX38m8F9C5juToW1FmTufEbb1DfDzZJj9HSJcWwo,123,3.0,0.0,4.0,0.0,0.0,2.44
3YX7PQuESmR2h95FDgjahEQjyCBhmY1Ts2MsrM1Kg9DS,67,3.0,0.0,3.0,0.0,0.0,4.48
pineXRUnbaLNFMxaM3zBmFfTiKgQMGqT9jYHXZWq2Fw,68,3.0,0.0,4.0,0.0,0.0,4.41
2Eq6YD8P8QXTeoz9h6JHjgZ55t8RSxNdx4waMDCoPmQU,158,3.0,0.0,3.0,0.0,0.0,1.9
2D2v7sMqDuq2ekZnFhaQm4k2ErWHemZQuYf5qaVTPFmg,29,3.0,0.0,3.0,0.0,0.0,10.34
noMiSMNpN3iGeX3WdF5M2KQdFUQt2RYYpfJ4dN1Ni3k,208,3.0,0.0,3.0,0.0,0.0,1.44
ECZx4Dfyn2o55KTYbM9r3Dt4VZRcrdfdrst7sUbWgrdU,137,3.0,0.0,3.0,0.0,0.0,2.19
2E2JPuFhjkQvEJEeNGqVSwGLJa5GoFqabQTutGjg1bzw,132,3.0,0.0,4.0,0.0,0.0,2.27
w3iDxC22CnKLUcST77cp5ZPGbEjXGrp5gvgtEPNNMaA,170,3.0,0.0,3.0,0.0,0.0,1.76
5ghoFEVrsXeAPB6SUmBpZ2xq3KvHEjNMeSaBnxEBXkHV,65,3.0,0.0,3.0,0.0,0.0,4.62
2dxz129YxB1xtf7Mx6HUT5JspexArNNtQt84FYueWZV7,266,3.0,0.0,3.0,0.0,0.0,1.13
chrtyETASKQhsndRM9pr6qC3gAHG5MuRwCgXSNVqnJL,55,2.0,0.0,2.0,0.0,0.0,3.64
scb1Z7du8NVSaHFXsafSjRdXr6xBjWR3iugikL739Y1,69,2.0,0.0,2.0,0.0,0.0,2.9
2P9ZYA4vBoBBr56hrEFTmrd5ctuz3r7wtvRYmbgk6jRL,195,2.0,0.0,2.0,0.0,0.0,1.03
dcntruDNP5SEcGV4RxnsqXFURdDZGT3DTQv68Q8H7Vu,95,2.0,0.0,2.0,0.0,0.0,2.11
AfZTWYoFQbzqCMmUBTD7XwxFvjob1FVyCvkaXRryxtKc,99,2.0,0.0,2.0,0.0,0.0,2.02
adre1Xia7ekGsEqNgHeFc7MYwkfzTQNeJgQmZ2agAKZ,66,2.0,0.0,2.0,0.0,0.0,3.03
2t53LvZfskcpXkdwLaBnfZLbNgyVHPu2BNFpcRBaEBhM,204,2.0,0.0,1.0,0.0,1.0,0.98
axy3tCRL3wmFMVG4c69rYurcf4fXhBo2RcuBj9ADnJ4,95,2.0,0.0,2.0,0.0,0.0,2.11
AnKWYWA1zktynzWqPC5KQFYWrTEWNny2CAHbAVU9zSXT,45,2.0,0.0,2.0,0.0,0.0,4.44
4JahMMrVRS1gimWoXpD5H6KwKc2MrsoTDFMaStMttL1E,169,2.0,0.0,2.0,0.0,0.0,1.18
93Q99nhdKjuSe6WNXgMBbC3s8QVQEAoHKt91PNRkUkMn,196,2.0,0.0,2.0,0.0,0.0,1.02
5ivRNcK1yThcK3koZR1oikAfuNm6rj1LceMskayoVSzc,117,2.0,0.0,2.0,0.0,0.0,1.71
4uH4G6YiD5G8rU3mtPg73C2Uqamrqedy3FboTZcZrh6x,124,2.0,0.0,2.0,0.0,0.0,1.61
hxMhrsuGPDmkLJ4mTxEjyeMST3VGhTiwJvS9XgHwePj,106,2.0,0.0,2.0,0.0,0.0,1.89
7U68WfpxJF5W1HjVQ2NCQr5EuKhNSvSRAnmWTk6225Jf,118,2.0,0.0,2.0,0.0,0.0,1.69
7Nn8qBJey7vXtVFMNBbbuN8UkujU8Y6nWzbHVGuf49yV,240,2.0,0.0,4.0,0.0,0.0,0.83
peNgUgnzs1jGogUPW8SThXMvzNpzKSNf3om78xVPAYx,147,2.0,0.0,3.0,0.0,0.0,1.36
7HMHSdQkjDwz9Q5zAhEy83uzW3XHJchjdpMYapKXcKt5,154,2.0,0.0,2.0,0.0,1.0,1.3
74Xkp2iLXm315h69sFRiCFjmKnaWkMV8W2LgJwPRSgN5,168,2.0,0.0,2.0,0.0,0.0,1.19
orbit1bWKxnECKLqjhm5rybTiEC2GEYbecyebgEfM5q,37,2.0,0.0,1.0,0.0,1.0,5.41
mALL2W6DUgDDtcyurC9v5YTF2CMMeuRwPBkf6tEoG3y,58,2.0,0.0,2.0,0.0,0.0,3.45
nodeEgRVkbYLAQePtMx2zCN7CGw7qRgzKMCBtjMfN1D,160,2.0,0.0,2.0,0.0,0.0,1.25
mastWEbKEMjvBCd1uaUBpNjWcfSPhXMWnH9tTrgzn1g,184,2.0,0.0,2.0,0.0,0.0,1.09
mds1WWedpezW3qvgML4WgP341jZksYAy5SbMLwjP5KC,71,2.0,0.0,2.0,0.0,0.0,2.82
mds3Df1ieBonG2qS8ZoKTqshq5MgTUNfZgc78cjiCdq,54,2.0,0.0,2.0,0.0,0.0,3.7
YuRBAsy9Stw1u46A8dMp7WQVBFweLP1PKuYibzYAMmQ,172,2.0,0.0,2.0,0.0,0.0,1.16
GqDCbnafLmKkdqiqf278jDLXqjjZMB2sViZQtR82jPUf,175,2.0,0.0,1.0,0.0,1.0,1.14
LiFiDJwJjW98MB8wxcnXpafKYsuz1hwpUkuszkERiX6,124,2.0,0.0,2.0,0.0,1.0,1.61
BitokuDHQiAhpUKrwx1VssAAoW5Rst8zB6gpfoaxM3Kh,167,2.0,0.0,1.0,0.0,1.0,1.2
GEM1N1UE3C8BB8EaaEPrcFvT3iLMVrurknjW5AYjUReR,66,2.0,0.0,2.0,0.0,0.0,3.03
FoXyHJXdQGK2eHoTjSAzHq4hzxWdJvpGgyzrtPS9eAk,31,2.0,0.0,1.0,0.0,2.0,6.45
SWnetabTLirPWqEK1V1T7HkVLC5vGvfjEsb89wiqrGh,105,2.0,0.0,2.0,0.0,0.0,1.9
CBUGET5PnvLc3HvEeFYj64iTvdKhYV6pujTPDdDh785K,101,2.0,0.0,2.0,0.0,0.0,1.98
EQhTjikb1L2jvxsCaSW2o2TuRXh4Do6HzBEWCxpeM44W,224,2.0,0.0,3.0,0.0,0.0,0.89
GK2YYwmQk58xA2k2SeugY3i334SJVViqTT8sT5wim3Dk,53,2.0,0.0,3.0,0.0,0.0,3.77
PKdLMugp1Mf88Ji1GkdqRDBewaUh2cqg79CBEo6eJoQ,178,2.0,0.0,2.0,0.0,0.0,1.12
BSMe78Jk1BfeJDdHQj1aXVjrT2aMAYidyNAGQsTshrk,58,2.0,0.0,2.0,0.0,0.0,3.45
DeepM3FDWaAb7o53rvyZk5YvHLG3FvDiVXJLRY78z51p,184,2.0,0.0,2.0,0.0,0.0,1.09
BFMufPp4wW276nFzB7FVHgtY8FTahzn53kxxJaNpPGu6,148,2.0,0.0,2.0,0.0,0.0,1.35
REA1zKzM5WjDEcpB27Zx2Rk16foNPtLGTETy93LLgNw,21,2.0,0.0,2.0,0.0,0.0,9.52
DEgenZMznWXvg5YHaZM75arVTauV453SeXX1UrxcGNup,48,2.0,0.0,2.0,0.0,0.0,4.17
Uf7TePem6vihMBiRg2d1ivnoNtRapdATfe5o99NuZH6,81,2.0,0.0,4.0,0.0,0.0,2.47
EdGevanA2MZsDpxDXK6b36FH7RCcTuDZZRcc6MEyE9hy,250,2.0,0.0,2.0,0.0,0.0,0.8
LunaowJnt875WWoqDkhHhE93SNYHa6tfFNVn1rqc57c,203,2.0,0.0,2.0,0.0,0.0,0.99
E9hD3ikumJx1GVswDjnpCt6Uu4WG5mz1PDWCqdE5uhmo,135,2.0,0.0,2.0,0.0,1.0,1.48
DKSy9mQn63487j7oXHxqmykLEYUA3akTHm1QNPgDLGN8,30,2.0,0.0,2.0,0.0,0.0,6.67
kREnNfJrPEHbrjSQDxmxZdGmN6hi7ewXZ3UZTURshrk,42,1.0,0.0,1.0,0.0,0.0,2.38
sce2zXNjLpPMcSCATTrLiQhAAvHNNMKypTFVtg2H37U,43,1.0,0.0,1.0,0.0,1.0,2.33
32jCuWyy4aJjyv4gd4DSGBHmFU5KUSSfqbmPb9GpMin6,128,1.0,0.0,1.0,0.0,0.0,0.78
FwnWx7x99rGwLmipzz8ii15NqcHkKRo2oS1Y7j6LivgZ,191,1.0,0.0,2.0,0.0,0.0,0.52
D1Vbgkrhp1TmLGhfUD1urRMx5Ntz9AqQpgdX8DR8QMC1,95,1.0,0.0,1.0,0.0,0.0,1.05
HrpWeJSYnQVtZe3BKxFCBrAEr8GRCmYUbQev4hoGDBs6,154,1.0,0.0,1.0,0.0,0.0,0.65
3KNGMiXwhy2CAWVNpLoUt25sNngFnX1mZpaiEeVccBA6,70,1.0,0.0,1.0,0.0,0.0,1.43
scs1NCSTafrUX6RBx113B9YDCepo1QdEzU8WwEkf25i,28,1.0,0.0,1.0,0.0,0.0,3.57
6YDWxPaJWpZxJ6JLGaBeTJaGQn3gi3Pwtivii9cDyDHo,41,1.0,0.0,1.0,0.0,0.0,2.44
sce3TfT81rxYYcdbP1kBFMcTK3ZBc8hvHVeXD6WLSzE,54,1.0,0.0,2.0,0.0,0.0,1.85
mythxvB89eT3C1TKwwhsvdHfYq2aoCt2es8vLoDFYyk,30,1.0,0.0,0.0,0.0,1.0,3.33
Atom7LRkdXj6MBoWJPgjaetrCMrgB9nnkQBYXTWE8Z3S,51,1.0,0.0,1.0,0.0,0.0,1.96
ES1M3tMZ4rMTJ3apE75cHfeGWizDTrMMXy2zKtWkd38R,133,1.0,0.0,1.0,0.0,0.0,0.75
4Kbcyn7JVPAWLRLPsNGTPmcNMvCkLTw51ZLRhqsUC6jP,47,1.0,0.0,1.0,0.0,0.0,2.13
revtecFsGSRCdF29atQvchSXrjwBesA9vSisD4fyH5K,138,1.0,0.0,1.0,0.0,0.0,0.72
Ettghfhr2kQerqAyGUuifFtBX17QecRe2gwpUZTAbZuw,93,1.0,0.0,1.0,0.0,0.0,1.08
EUDis6LJeJzDHTEBgfHGQyjHp63XZkGkx4E69xunC2Ej,231,1.0,0.0,1.0,0.0,0.0,0.43
MFLKSo4XDfrBf4FByx76zYM2dXSWcigag7ec2bCHTR4,25,1.0,0.0,1.0,0.0,0.0,4.0
5N9r2ne7dPgHtzeHC5ETJ3DAueKQiXSU8KAmEZrrojT7,50,1.0,0.0,2.0,0.0,0.0,2.0
5P35CJVKU15Rrh5M6EVkre23EyA3K34kAut2GXhHKM7W,84,1.0,0.0,1.0,0.0,0.0,1.19
sCANXAaS1a7yB8jz3USvGNLfd8DSc9r7TNzNSKKPkfY,55,1.0,0.0,1.0,0.0,0.0,1.82
odcvDWH5wHVKz9XtmGGxTj5ZsmawTjCCty3nyBKDGzS,38,1.0,0.0,1.0,0.0,0.0,2.63
EAW9vxqogvdPNapq7QTDpiVTHK6o7begUhPVnf854VTc,63,1.0,0.0,1.0,0.0,0.0,1.59
F1REzm2dJW1wfj2yHjCMV3FxVs8TXQG9qoW4MFEz6uYo,19,1.0,0.0,1.0,0.0,0.0,5.26
MargusHP4dQyxrBuCWngzJp6EZSvg1aPNxdgpXykfr4,17,1.0,0.0,1.0,0.0,0.0,5.88
EPFZFVrXuveEQar9LaEkt5kDRPMnbvK54qu5FwCxpkcy,54,1.0,0.0,0.0,0.0,1.0,1.85
EBk678aQvc3cUkfGyoehfw21JQfJXjmWuBeopYc89RSV,90,1.0,0.0,1.0,0.0,0.0,1.11
NLMSHTjmSiRxGJPs3uaqtsFBC2dTGYwK41U18Nmw5kH,21,1.0,0.0,0.0,0.0,1.0,4.76
FNTPSUuRpDoJx1hwFmB5ncNLLMX42aE83P4hsFYUfNRL,240,1.0,0.0,1.0,0.0,0.0,0.42
CtzN7ysR5rX69qd168Aosbuc83mPozhi81bEHbG7ecNP,51,1.0,0.0,1.0,0.0,0.0,1.96
sZAqxCSN5kkVfG2s65Bje4jzCkD2aLyk21qU95PMf2Y,96,1.0,0.0,2.0,0.0,0.0,1.04
RoYLttggWwa2st3KAGEjnPhsq4NPD5QwaNVyyR8pTz4,67,1.0,0.0,1.0,0.0,0.0,1.49
7knvB4bbqHCKuNp3ef2hJWdwqoH6WAUi55NQt6LdRfkx,45,1.0,0.0,1.0,0.0,0.0,2.22
ACTGYsH7bHbaSP7z9N86oLPHBThAELbGfTboc1VoFeZz,60,1.0,0.0,1.0,0.0,0.0,1.67
anzaeL7Lsv71HW2mew8YcKGyGqL6qNn3xoNPRrejM73,36,1.0,0.0,1.0,0.0,0.0,2.78
AccReGBNBdUCEJ7ZyP231jw7uVJ3eF9u4cLBFAyqQuWm,87,1.0,0.0,1.0,0.0,0.0,1.15
2Le6TjeEescF87qDA8Ftdz6U8Kq6SNVwoLJLhzBCHUr5,101,1.0,0.0,1.0,0.0,0.0,0.99
BeSovDCzhEAfgwDyXBuhmCFKsu5WQ3PaX61GEfteNzXM,364,1.0,0.0,1.0,0.0,0.0,0.27
UNrgBLmc8JT6A3dxXY9DWeHvDezt2DZQbhg1KPQfqEL,40,1.0,0.0,0.0,0.0,1.0,2.5
HW4zorvt6xDwhU36RqjcWNwU8YMj9tiqnAafBKW4cqV,183,1.0,0.0,1.0,0.0,0.0,0.55
burncPhAzPbo9QCzN9j8ig2FKZjwDhM5zgN2eW3GmWa,29,1.0,0.0,1.0,0.0,0.0,3.45
BiU1DNow77wGwSXW1bLmkcQe2cuySpkbz7xtbitD9Fmk,99,1.0,0.0,1.0,0.0,0.0,1.01
adramSYKBv1yHoZTub4kepcmF5LybPxwyJcsz4fpfi7,61,1.0,0.0,1.0,0.0,0.0,1.64
BirdeyeK5yooepHNNgaW2bGGDD2jmib4oSRFTHyELbZ1,155,1.0,0.0,1.0,0.0,0.0,0.65
AiBEt9kE8yZ4CnaLfTCGMp7Fg2wCtqhPTfvJ8D3zrLfu,80,1.0,0.0,1.0,0.0,0.0,1.25
2VKu11f8zc3huqDQUN6WJTFpX32PgHpXXjf72P6YvYMd,144,1.0,0.0,1.0,0.0,0.0,0.69
B94PGWcxE9iEDov8sZobTkqEY96Yb5gfcsYWSWpQxh6S,80,1.0,0.0,1.0,0.0,0.0,1.25
9dH6wfdJVgnDcbCUjT8rkmejAzTnGQaFarmLfvBYXANK,95,1.0,0.0,1.0,0.0,0.0,1.05
9D3o3EYeknhTrRvXS1PnD2euGXnMFa3HwpYBq5gPZJDA,33,1.0,0.0,1.0,0.0,0.0,3.03
UMi1r5J3SagSu4HC3waB3YFzbXi82rRSScgW2e8NTfr,29,1.0,0.0,1.0,0.0,0.0,3.45
YE11a5nVJtUNqsojkphYuWc7StqBzbCeFH6BjhAAUEV,23,1.0,0.0,1.0,0.0,0.0,4.35
fotby1ABxpei2EVH9uXJ6KbHYgPjbg4Sny9eRzQjtRN,29,1.0,0.0,1.0,0.0,0.0,3.45
CpNnGGhgVATJAbzHUXdrcGfpPiGuZyPka4QUmH7YgavX,87,1.0,0.0,1.0,0.0,0.0,1.15
G1eAmANVWf6ZeoxG4aMbS1APauyEDHqLxHFytzk5hZqN,51,1.0,0.0,1.0,0.0,0.0,1.96
svsD6T44XJnuXQWB15sy1pBxxruzrFy8rR7gXy8Jsj3,46,1.0,0.0,1.0,0.0,0.0,2.17
96XWbKem84optM8RLHhc8EYJQG8CCWA8F6oqWMPHDweN,145,1.0,0.0,1.0,0.0,0.0,0.69
gojir4WnhS7VS1JdbnanJMzaMfr4UD7KeX1ixWAHEmw,86,1.0,0.0,0.0,0.0,1.0,1.16
AjGby82yXeYgj3kmng9y3c4nQpZFmiPpJKecLJTHbfbP,43,1.0,0.0,1.0,0.0,0.0,2.33
8j7RdaofeR9jaXWqYTubqooHpcajP7EfhWbR4UKUB4fF,31,1.0,0.0,2.0,0.0,0.0,3.23
13DmVBcyrSdsSsLWaKH9x1dwxDf48Wu5wprwxMmLshrk,23,0.0,0.0,0.0,0.0,0.0,0.0
4b1onMDEasBh4BuPekQWijx3BYR64hAE1z2jJyeZUkck,25,0.0,0.0,0.0,0.0,0.0,0.0
4GEEKSwuiBHWTff9WaqrDcToZjbX6KYdyB4c578Zxse2,36,0.0,0.0,0.0,0.0,0.0,0.0
xLabscif2DLnYg39rQThqi7A9E45L9qiysRZhmZ1ARE,19,0.0,0.0,0.0,0.0,0.0,0.0
GRT7yrpfF1TEvp3RmCzu5YZ74B4EueVMPg5NYtSiPwtD,18,0.0,0.0,0.0,0.0,0.0,0.0
LFGGGJtnBLvq78DyMz1gTeedM6f8owck76qHThDABBC,50,0.0,0.0,0.0,0.0,0.0,0.0
Gd33fENP1XsBimff41s1EWrs2kmqfGQqEJ5CQPQB3Jwy,56,0.0,0.0,0.0,0.0,0.0,0.0
HrWYa5vKZrcDbQWE39SGYwyzYcbsmXfBiHJGxpasymm,8,0.0,0.0,0.0,0.0,0.0,0.0
GLAMiBuunBioazKwNbkGnWP6BM2sfVjehr4goPPGBFAC,17,0.0,0.0,0.0,0.0,0.0,0.0
FFevTkywysWf8PJvH4DZkEp4v9ks9HJPJhZWbhhJiYnr,105,0.0,0.0,0.0,0.0,0.0,0.0
4mzLWNgBX67zVwTykNnq96Z6KQLc8UyV5Q35EfVCDifC,92,0.0,0.0,0.0,0.0,0.0,0.0
2UBhtRuyr9nvWsUnrbWrvJiYWEU8TVBD4PLYQJKiRa9H,61,0.0,0.0,0.0,0.0,0.0,0.0
2Ue9zGmDnvYRrJNEjuAdNkbbickw6fKWtbeNM7T2rakg,11,0.0,0.0,0.0,0.0,0.0,0.0
2X7WoaXX9KPqNrNfvguhnwo3rjFPNsfw2t75fGjWRthz,37,0.0,0.0,0.0,0.0,0.0,0.0
2bpfa8JbFfZUGUsedDsemu6vQUxbhcEM8ALSH3PgXd2d,15,0.0,0.0,0.0,0.0,0.0,0.0
tkmaiSoZ3F8MofkQBVWG6JYSCzyN6ioe7ReYXohx3WJ,28,0.0,0.0,0.0,0.0,0.0,0.0
te1ee9rGf369wxYQkuxkvuvMuTJ9cksgZySmNUF8rNY,41,0.0,0.0,0.0,0.0,0.0,0.0
scs2Ra91pMbvqFAP7uitrN5U25SoyBTqZgBbhpVMJko,36,0.0,0.0,0.0,0.0,0.0,0.0
Fy7RCjDdFLG8wLn7TBKbccaKwYX1FetdSoVDREdUHf5o,88,0.0,0.0,0.0,0.0,0.0,0.0
2kVZVTY8FMRZ3WuHzyqNz8qd4Ytbba9f9DaesUm5WLvR,16,0.0,0.0,0.0,0.0,0.0,0.0
2nhGaJvR17TeytzJVajPfABHQcAwinKoCG8F69gRdQot,47,0.0,0.0,0.0,0.0,0.0,0.0
2ufnDYz755WuHqGCczry1ACTNUVZdn2cm43bCyyPSZtH,38,0.0,0.0,0.0,0.0,0.0,0.0
B4dn3WWS95M4qNXaR5NTdkNzhzvTZVqC13E3eLrWhXLa,32,0.0,0.0,0.0,0.0,0.0,0.0
EATpCzQNs8BzZh1mx1hXMAJm3o1MLXakTXr4UEmcsY7f,33,0.0,0.0,0.0,0.0,0.0,0.0
LimeA3gMLb2SjxrKbP7NsWk1UwTZrw4B6Ctc9dmVU6E,49,0.0,0.0,0.0,0.0,0.0,0.0
prt1st4RSxAt32ams4zsXCe1kavzmKeoR7eh1sdYRXW,14,0.0,0.0,0.0,0.0,0.0,0.0
CVgwMrWo9chKEuEPCe6Za9KJe8jamnAcoeWzaMeNubr6,49,0.0,0.0,0.0,0.0,0.0,0.0
gotasRuLTuJNZDtLHmaDJpEUjCWZqkHcuwbLhkgCwCX,35,0.0,0.0,0.0,0.0,0.0,0.0
8mhdbYU3PxALpTfDrdTYvk5obaGxL8ATQMvCLXW9SV2L,88,0.0,0.0,0.0,0.0,0.0,0.0
gVALrRd3xq4D62KJNGDCpMMGz976w2x1Vo79mSNn4bh,43,0.0,0.0,0.0,0.0,0.0,0.0
SQDS9iwyWvT2mQbSZzuNKGoxuBug5jRHouF6SuMRBkA,65,0.0,0.0,0.0,0.0,0.0,0.0
STPTshazcjH6cZMHzQBrggFSPHXYCTRGB7ctqS1AjkH,84,0.0,0.0,0.0,0.0,0.0,0.0
9maF99FLLAMh5v5JKG1ZyRZVBVsT5VkZnAJzDvduCpJa,36,0.0,0.0,0.0,0.0,0.0,0.0
CARBN9PY1Qej1aCg4885pfoYH8EHfjWuMy59pVa48ky,18,0.0,0.0,0.0,0.0,0.0,0.0
BuonuQoAR74GoMwCFhxKWVWWSGGt2wfbNmQ3cizaJ97G,15,0.0,0.0,0.0,0.0,0.0,0.0
9ueKvL3WiLM4mNUZrfWqPTYY2Np5YwzFTYvAiPibx1Zq,36,0.0,0.0,0.0,0.0,0.0,0.0
A79u1awz7CqnxmNYEVtzWwSzup3eKPNW6w2Jrd56oZ3y,72,0.0,0.0,0.0,0.0,0.0,0.0
ABREU5YkQcfpDZymoQ97iGUgQcfgjctWUUxEMfumiPdV,8,0.0,0.0,0.0,0.0,0.0,0.0
AWZhUiQjrjtxL8MEMWsCFbMausFQKkdTnDsFW2i411hN,43,0.0,0.0,0.0,0.0,0.0,0.0
BaDhUB1eWfunwD21Tu3WywyYQ9wZx5hS9WXeHHNGZUPy,86,0.0,0.0,0.0,0.0,0.0,0.0
ark1hdnnfmusE24wGHkyVG1gdRCqfmXs9drasDAdABZ,57,0.0,0.0,0.0,0.0,0.0,0.0
ZoD1XLMhxdMveAJL4x9oab4FhRKP5NThTnSCH19Tdjp,48,0.0,0.0,0.0,0.0,0.0,0.0
Xoir1BnQX9TbEvon9HRbD8tkjcD9dorsxmNjZAV64Re,15,0.0,0.0,0.0,0.0,0.0,0.0
XAqHfPFsqTfAJHBRHAcEECkMSykXjkUj2Rta16Qshrk,31,0.0,0.0,0.0,0.0,0.0,0.0
AmhQFcGvH2hjkucP78rn6GMKSbstYwyFpCDVKZUwBGrG,143,0.0,0.0,0.0,0.0,0.0,0.0
h3ZXAE168mNxsszYYrUfkMVSCWx6DU2Uvrx97Kb1Nch,34,0.0,0.0,0.0,0.0,0.0,0.0
SELEXm1aELCweknS2tsG6A4WivjVvgrTWn9doHNLj66,16,0.0,0.0,0.0,0.0,0.0,0.0
ReFiqMfGnc7tW8WQtFFcJRPZSDAWDBnAsdoFYF2QnfR,108,0.0,0.0,0.0,0.0,0.0,0.0
5t4shVsKnUqgjmhK3fFNsvyju2E6Rd7cc4S5pmqqEVEW,16,0.0,0.0,0.0,0.0,0.0,0.0
EdFUcP2f6j9iBg5BqsgJn3WDr1JieiKCo41hZ5Zrsk6w,32,0.0,0.0,0.0,0.0,0.0,0.0
Lua1fxRRHCnjVAYdfGyv2GbUsRHGM2DN2wgpWuF2WSb,23,0.0,0.0,0.0,0.0,0.0,0.0
5HCTsoKM7vwjubSZSyVWChaHQ9sNNRB1d2SuvL3eZ6Y6,23,0.0,0.0,0.0,0.0,0.0,0.0
EZHZcXFpiiooHDJymKPro6gSVBqz6JfRwDAnSHUwkXRV,25,0.0,0.0,0.0,0.0,0.0,0.0
5LNEDitSMhApT2uFnmtN7FmjCiGuatpnb2uU4f3shrk,52,0.0,0.0,0.0,0.0,0.0,0.0
5XKJwdKB2Hs7pkEXzifAysjSk6q7Rt6k5KfHwmAMPtoQ,164,0.0,0.0,0.0,0.0,0.0,0.0
5ZjxMYBbnKd4VFxLjAChSWMTeQ96147HnxZvQJxUseHV,76,0.0,0.0,0.0,0.0,0.0,0.0
ECNnK4VjcKTsABiw8FAp3JCE6tCmYyrEJthYVyMazmxi,46,0.0,0.0,0.0,0.0,0.0,0.0
5yEnvhM4Ld3UZs2n173J2iR369E1ddcbQYeLSZxk4cYj,49,0.0,0.0,0.0,0.0,0.0,0.0
7Hp1e6BrTBkbBN4wFiNmycPVPsjvyUUBL2tGhYEMT6gt,37,0.0,0.0,0.0,0.0,0.0,0.0
6gL3uHvuUjaPp9mTBf2VZ4tpKiYhbWyPrAPboGByzEHd,117,0.0,0.0,0.0,0.0,0.0,0.0
E4xNK4UwGnMtkdiUPyx13i6NkFDdW9Gw9NFGY93wEdGZ,13,0.0,0.0,0.0,0.0,0.0,0.0
mds2fZEpJP688PqJHvfLxGyf2VFrcNkvjuUxNYCwjrq,30,0.0,0.0,0.0,0.0,0.0,0.0
Pid6HQnMCFb9izqX9i7X6ePdUPieGmjHoPxC1Jfooix,81,0.0,0.0,0.0,0.0,0.0,0.0
6qwYjs5vCSEKaTMBbHinnW8fvdGj1r8cpzPoAV1EHKsw,27,0.0,0.0,0.0,0.0,0.0,0.0
DTELykegBxxEn9c15GbH1zbYFr9CFd8VHQnhTGfz5JLb,55,0.0,0.0,0.0,0.0,0.0,0.0
12i8gndWWWMTRzJBFhnYkobNgZB3XMUUJq75HeUrshrk,10,0.0,0.0,0.0,0.0,0.0,0.0
kom1oNHyyt84XLGVfi5Jo1qkVkU5xG1sBxPG19rWknE,38,0.0,0.0,0.0,0.0,0.0,0.0
bookoVmqw4QjVj5BbkFacouadx9M7816wyRkfM7A5Lo,71,0.0,0.0,0.0,0.0,0.0,0.0
